,Contig Length,Gene Count,Gene Size,Gene Start,Strand,Gene Product
GCA_001896955_000000000001,8931,1,[1037],[1346],['-'],"['Fructose-1,6-bisphosphatase class 1']"
GCA_001896955_000000000004,39342,1,[872],[4312],['-'],['hypothetical protein_196']
GCA_001896955_000000000006,38459,1,[380],[3561],['+'],['hypothetical protein_197']
GCA_001896955_000000000009,38824,1,[698],[2237],['+'],['hypothetical protein_3']
GCA_001896955_000000000012,19407,3,"[725, 152, 185]","[10865, 11984, 13074]","['+', '+', '-']","['Nitrogen fixation regulation protein FixK', 'hypothetical protein_94', 'hypothetical protein_88']"
GCA_001896955_000000000015,16376,1,[1331],[14745],['-'],['hypothetical protein_4']
GCA_001896955_000000000016,16199,2,"[512, 410]","[7232, 7748]","['-', '-']","['hypothetical protein_100', 'hypothetical protein_102']"
GCA_001896955_000000000017,88346,8,"[248, 230, 1046, 578, 551, 1343, 791, 1139]","[8971, 59459, 59916, 61172, 61882, 67702, 72091, 75168]","['+', '+', '-', '-', '+', '+', '-', '-']","['hypothetical protein_47', 'hypothetical protein_5', 'hypothetical protein_66', 'hypothetical protein_67', 'hypothetical protein_68', 'Type I secretion system membrane fusion protein PrsE', 'Molybdenum-pterin-binding protein MopA', 'hypothetical protein_6']"
GCA_001896955_000000000018,52811,3,"[920, 596, 440]","[16286, 28655, 29566]","['+', '+', '+']","['2-dehydropantoate 2-reductase', 'hypothetical protein_7', 'hypothetical protein_198']"
GCA_001896955_000000000019,34692,1,[1178],[224],['+'],['Acetyl-CoA acetyltransferase']
GCA_001896955_000000000020,2839,1,[155],[2589],['-'],['Ribulose bisphosphate carboxylase small chain']
GCA_001896955_000000000023,39837,1,[881],[10514],['-'],['hypothetical protein_42']
GCA_001896955_000000000028,18631,1,[521],[16911],['-'],['hypothetical protein_30']
GCA_001896955_000000000029,23787,1,[281],[264],['+'],['Protein FecR']
GCA_001896955_000000000030,14030,8,"[1949, 329, 527, 1184, 2111, 914, 515, 2492]","[20, 2129, 2455, 2982, 4346, 6958, 8029, 8879]","['-', '-', '-', '-', '-', '-', '-', '-']","['Macrolide export ATP-binding/permease protein MacB', 'hypothetical protein_50', 'hypothetical protein_69', 'hypothetical protein_48', 'Ferripyoverdine receptor', 'hypothetical protein_199', 'putative RNA polymerase sigma factor FecI_200', 'Ferripyoverdine receptor_201']"
GCA_001896955_000000000031,20633,1,[140],[13566],['-'],['hypothetical protein_202']
GCA_001896955_000000000039,14594,3,"[1424, 2033, 4466]","[4009, 5645, 7678]","['+', '+', '+']","['Membrane-bound lytic murein transglycosylase C', 'Outer membrane protein assembly factor BamA', 'hypothetical protein_70']"
GCA_001896955_000000000040,17378,1,[428],[4403],['-'],['hypothetical protein_178']
GCA_001896955_000000000042,22496,2,"[137, 305]","[8020, 13493]","['+', '-']","['hypothetical protein_203', 'hypothetical protein_8']"
GCA_001896955_000000000046,7888,1,[194],[1728],['+'],['hypothetical protein_9']
GCA_001896955_000000000047,12252,3,"[992, 530, 215]","[2084, 3143, 7633]","['-', '-', '-']","['Protein FecR_89', 'putative RNA polymerase sigma factor FecI', 'hypothetical protein_204']"
GCA_001896955_000000000050,42596,1,[281],[383],['-'],['Perchlorate reductase subunit alpha']
GCA_001896955_000000000051,11664,3,"[365, 341, 206]","[3609, 8556, 10173]","['-', '+', '-']","['hypothetical protein_185', 'hypothetical protein_205', 'hypothetical protein_206']"
GCA_001896955_000000000053,12022,1,[1901],[7849],['-'],['Chaperone protein HtpG']
GCA_001896955_000000000054,11335,1,[1223],[2221],['+'],['3-hydroxybenzoate 6-hydroxylase']
GCA_001896955_000000000055,2382,3,"[248, 257, 1526]","[101, 349, 622]","['-', '-', '-']","['hypothetical protein_37', 'Ethanolamine utilization protein EutN', 'hypothetical protein_2']"
GCA_001896955_000000000062,25319,2,"[473, 113]","[8718, 11129]","['+', '-']","['hypothetical protein_71', 'hypothetical protein_104']"
GCA_001896955_000000000068,26036,2,"[260, 335]","[19420, 21026]","['-', '+']","['hypothetical protein_10', 'hypothetical protein_207']"
GCA_001896955_000000000070,9667,1,[263],[8917],['+'],['hypothetical protein_51']
GCA_001896955_000000000073,14959,2,"[1577, 404]","[2540, 5045]","['-', '-']","['Ribulokinase', 'hypothetical protein_41']"
GCA_001896955_000000000079,32550,1,[284],[29097],['+'],['hypothetical protein_208']
GCA_001896955_000000000080,22292,1,[377],[20375],['+'],['hypothetical protein_11']
GCA_001896955_000000000086,25937,1,[296],[627],['+'],['hypothetical protein_209']
GCA_001896955_000000000090,9054,5,"[269, 617, 1502, 746, 752]","[1780, 2123, 4988, 6611, 8215]","['-', '-', '-', '-', '+']","['Cytochrome bo(3) ubiquinol oxidase subunit 4', 'Cytochrome bo(3) ubiquinol oxidase subunit 3', 'hypothetical protein_59', 'hypothetical protein_31', 'hypothetical protein_12']"
GCA_001896955_000000000095,23817,1,[269],[10910],['-'],['hypothetical protein_52']
GCA_001896955_000000000099,20291,6,"[425, 509, 737, 239, 197, 749]","[921, 1424, 1879, 3028, 5874, 7194]","['+', '-', '-', '+', '-', '-']","['tRNA (adenine(37)-N6)-methyltransferase', 'hypothetical protein_180', 'hypothetical protein_61', 'hypothetical protein_32', 'hypothetical protein_38', 'hypothetical protein_13']"
GCA_001896955_000000000103,8208,3,"[533, 725, 620]","[5627, 6522, 7314]","['-', '-', '-']","['hypothetical protein_63', 'hypothetical protein_14', 'hypothetical protein_33']"
GCA_001896955_000000000109,9840,1,[665],[6946],['+'],['hypothetical protein_15']
GCA_001896955_000000000113,6828,1,[230],[5118],['+'],['hypothetical protein_105']
GCA_001896955_000000000125,12132,4,"[932, 761, 1697, 296]","[897, 5240, 6008, 7918]","['+', '-', '-', '+']","['HTH-type transcriptional activator CmpR', 'hypothetical protein_64', 'NAD(P)H-quinone oxidoreductase subunit 2, chloroplastic', 'hypothetical protein_16']"
GCA_001896955_000000000136,2687,1,[1766],[868],['-'],['Respiratory nitrate reductase 1 alpha chain_93']
GCA_001896955_000000000137,9716,5,"[662, 770, 1631, 1157, 1001]","[174, 830, 2687, 4456, 5610]","['+', '+', '-', '-', '-']","['Phosphorylated carbohydrates phosphatase', 'hypothetical protein_17', 'hypothetical protein_18', 'UDP-4-amino-4,6-dideoxy-N-acetyl-beta-L-altrosamine transaminase', 'UDP-N-acetylglucosamine 4,6-dehydratase (inverting)']"
GCA_001896955_000000000149,8574,2,"[716, 254]","[4487, 5450]","['-', '+']","[""Orotidine 5'-phosphate decarboxylase"", 'hypothetical protein_210']"
GCA_001896955_000000000154,63070,1,[182],[16072],['+'],['hypothetical protein_65']
GCA_001896955_000000000167,42481,4,"[500, 521, 311, 383]","[27525, 29231, 41174, 42068]","['+', '+', '-', '-']","['hypothetical protein_19', 'hypothetical protein_53', 'hypothetical protein_20', 'Respiratory nitrate reductase 2 beta chain']"
GCA_001896955_000000000172,39822,2,"[593, 701]","[16993, 38190]","['-', '-']","['Glucosyl-3-phosphoglycerate phosphatase', 'hypothetical protein_186']"
GCA_001896955_000000000173,33435,1,[446],[1116],['-'],['hypothetical protein_54']
GCA_001896955_000000000175,39264,1,[3260],[35605],['+'],['hypothetical protein_21']
GCA_001896955_000000000176,100864,8,"[3200, 242, 356, 296, 392, 221, 1133, 230]","[2570, 20671, 21120, 25965, 55046, 67445, 84364, 98685]","['-', '+', '+', '-', '-', '+', '-', '-']","['hypothetical protein_177', 'hypothetical protein_96', 'hypothetical protein_101', 'hypothetical protein_211', 'Response regulator protein TodT', 'hypothetical protein_212', 'hypothetical protein_73', 'hypothetical protein_55']"
GCA_001896955_000000000178,6015,1,[245],[3923],['+'],['hypothetical protein_34']
GCA_001896955_000000000179,41771,2,"[1118, 1727]","[3324, 37305]","['-', '+']","['hypothetical protein_39', 'hypothetical protein_74']"
GCA_001896955_000000000180,44436,3,"[524, 200, 2000]","[4614, 5405, 27080]","['-', '-', '-']","['hypothetical protein_213', 'hypothetical protein_214', 'hypothetical protein_22']"
GCA_001896955_000000000184,29336,2,"[1082, 968]","[14848, 18742]","['+', '+']","['Alkanesulfonate monooxygenase', 'hypothetical protein_75']"
GCA_001896955_000000000190,79213,3,"[158, 425, 710]","[21526, 74836, 75274]","['+', '+', '-']","['hypothetical protein_76', 'Sensor protein FixL', 'Carbonic anhydrase 2']"
GCA_001896955_000000000192,4197,3,"[215, 197, 200]","[31, 1595, 2302]","['+', '-', '-']","['hypothetical protein_62', 'hypothetical protein_56', 'hypothetical protein_215']"
GCA_001896955_000000000197,83221,3,"[842, 296, 152]","[2201, 45762, 70800]","['-', '+', '-']","['hypothetical protein_23', 'hypothetical protein_216', 'hypothetical protein_24']"
GCA_001896955_000000000198,8770,1,[680],[2379],['+'],['hypothetical protein']
GCA_001896955_000000000203,54100,4,"[359, 152, 788, 863]","[169, 612, 884, 39608]","['+', '+', '-', '-']","['hypothetical protein_43', 'hypothetical protein_45', 'hypothetical protein_217', 'hypothetical protein_25']"
GCA_001896955_000000000204,22649,2,"[1013, 1163]","[465, 16969]","['-', '+']","['Cytochrome c551 peroxidase', 'hypothetical protein_188']"
GCA_001896955_000000000205,42651,9,"[860, 2141, 521, 1541, 1328, 1097, 470, 1028, 851]","[551, 1408, 6747, 7290, 8828, 10209, 11303, 11825, 12928]","['-', '-', '+', '+', '+', '+', '+', '+', '+']","['hypothetical protein_77', 'Ferric-anguibactin receptor FatA', 'hypothetical protein_106', 'hypothetical protein_107', 'D-inositol-3-phosphate glycosyltransferase', 'hypothetical protein_108', 'Glycerol-3-phosphate cytidylyltransferase', 'hypothetical protein_109', 'hypothetical protein_218']"
GCA_001896955_000000000206,48283,5,"[1028, 677, 1250, 986, 233]","[66, 1129, 2069, 3525, 22449]","['+', '+', '+', '+', '+']","['hypothetical protein_26', 'Nitrate reductase-like protein NarX', 'putative nitrate transporter NarT', 'hypothetical protein_27', 'hypothetical protein_219']"
GCA_001896955_000000000208,36560,1,[272],[27117],['+'],['hypothetical protein_28']
GCA_001896955_000000000210,27708,6,"[827, 632, 2360, 929, 635, 266]","[21250, 22083, 22729, 25179, 26365, 27004]","['-', '-', '-', '-', '-', '-']","['hypothetical protein_35', 'hypothetical protein_40', 'hypothetical protein_36', 'Denitrification regulatory protein NirQ', 'Sporulation initiation inhibitor protein Soj', 'hypothetical protein_29']"
GCA_001896955_000000000212,25706,1,[1214],[19331],['+'],['Cobalt-zinc-cadmium resistance protein CzcB']
GCA_001897285_000000000001,38904,1,[2075],[26809],['-'],['hypothetical protein_44']
GCA_001897285_000000000003,69885,1,[863],[32143],['-'],['hypothetical protein_25']
GCA_001897285_000000000004,25420,1,[3260],[369],['-'],['hypothetical protein_21']
GCA_001897285_000000000006,50464,1,[158],[9948],['-'],['hypothetical protein_76']
GCA_001897285_000000000007,31157,1,[698],[28232],['-'],['hypothetical protein_3']
GCA_001897285_000000000008,39506,2,"[230, 1952]","[2609, 18114]","['-', '+']","['hypothetical protein_5', 'hypothetical protein_22']"
GCA_001897285_000000000009,35174,1,[1919],[6589],['-'],['Chaperone protein HtpG']
GCA_001897285_000000000010,38037,1,[818],[22029],['-'],['hypothetical protein_78']
GCA_001897285_000000000014,8657,1,[680],[2318],['+'],['hypothetical protein']
GCA_001897285_000000000016,15873,2,"[860, 494]","[12680, 13608]","['-', '+']","['AB hydrolase superfamily protein YdjP', '2-methoxy-6-polyprenyl-1,4-benzoquinol methylase, mitochondrial']"
GCA_001897285_000000000017,20819,2,"[530, 1013]","[5346, 6001]","['+', '+']","['ECF RNA polymerase sigma factor SigE', 'hypothetical protein_220']"
GCA_001897285_000000000018,20336,1,[1331],[5581],['+'],['hypothetical protein_4']
GCA_001897285_000000000019,42313,1,[884],[6356],['-'],['hypothetical protein_196']
GCA_001897285_000000000020,18243,2,"[509, 1001]","[627, 1324]","['+', '+']","['hypothetical protein_110', 'hypothetical protein_111']"
GCA_001897285_000000000021,34136,1,[137],[15838],['-'],['hypothetical protein_203']
GCA_001897285_000000000025,20864,1,[3773],[16060],['+'],['hypothetical protein_39']
GCA_001897285_000000000026,24752,1,[530],[15658],['-'],['hypothetical protein_112']
GCA_001897285_000000000029,11908,1,[446],[10370],['+'],['hypothetical protein_54']
GCA_001897285_000000000031,25830,1,[1139],[2711],['-'],['hypothetical protein_6']
GCA_001897285_000000000033,11265,2,"[242, 200]","[6251, 9408]","['-', '+']","['hypothetical protein_55', 'hypothetical protein_215']"
GCA_001897285_000000000036,3046,3,"[650, 326, 992]","[112, 759, 1026]","['+', '+', '-']","['hypothetical protein_60', 'hypothetical protein_46', 'HTH-type transcriptional activator CmpR']"
GCA_001897285_000000000039,14501,1,[245],[2131],['-'],['hypothetical protein_34']
GCA_001897285_000000000040,30842,1,[203],[10252],['+'],['hypothetical protein_28']
GCA_001897285_000000000041,9926,1,[263],[591],['-'],['hypothetical protein_51']
GCA_001897285_000000000044,10569,5,"[305, 617, 1526, 746, 977]","[1423, 2798, 5752, 7408, 8914]","['-', '-', '-', '-', '+']","['Cytochrome bo(3) ubiquinol oxidase subunit 4', 'Cytochrome bo(3) ubiquinol oxidase subunit 3', 'hypothetical protein_59', 'hypothetical protein_31', 'hypothetical protein_12']"
GCA_001897285_000000000045,16919,1,[1205],[8613],['-'],['3-hydroxybenzoate 6-hydroxylase']
GCA_001897285_000000000046,1922,1,[245],[1548],['-'],['hypothetical protein_11']
GCA_001897285_000000000049,1908,1,[479],[9],['+'],['Respiratory nitrate reductase 2 beta chain']
GCA_001897285_000000000050,19508,3,"[113, 485, 470]","[7297, 7458, 12618]","['+', '-', '-']","['hypothetical protein_104', 'hypothetical protein_71', 'hypothetical protein_221']"
GCA_001897285_000000000054,3620,2,"[2633, 689]","[98, 2725]","['+', '+']","['Respiratory nitrate reductase 1 alpha chain', 'hypothetical protein_79']"
GCA_001897285_000000000056,33447,4,"[1577, 404, 881, 2138]","[3894, 6298, 14891, 15769]","['-', '-', '-', '-']","['Ribulokinase', 'hypothetical protein_41', 'hypothetical protein_77', 'Ferric-anguibactin receptor FatA']"
GCA_001897285_000000000059,13143,13,"[266, 2678, 1526, 257, 248, 296, 350, 266, 635, 929, 2351, 632, 827]","[33, 403, 3093, 4635, 4892, 5242, 5581, 6352, 6622, 7502, 8523, 10888, 11526]","['+', '+', '+', '+', '+', '+', '+', '+', '+', '+', '+', '+', '+']","['Ribulose bisphosphate carboxylase small chain', 'hypothetical protein_57', 'hypothetical protein_2', 'Ethanolamine utilization protein EutN', 'hypothetical protein_37', 'Major carboxysome shell protein 1C', 'Major carboxysome shell protein 1C_174', 'hypothetical protein_29', 'Sporulation initiation inhibitor protein Soj', 'Denitrification regulatory protein NirQ', 'hypothetical protein_36', 'hypothetical protein_40', 'hypothetical protein_35']"
GCA_001897285_000000000060,13384,2,"[506, 602]","[11747, 12550]","['-', '-']","['hypothetical protein_213', 'hypothetical protein_214']"
GCA_001897285_000000000062,6909,5,"[479, 1028, 677, 1250, 1031]","[8, 665, 1728, 2688, 4100]","['+', '+', '+', '+', '+']","['Respiratory nitrate reductase 2 beta chain_97', 'hypothetical protein_26', 'Nitrate reductase-like protein NarX', 'putative nitrate transporter NarT', 'hypothetical protein_27']"
GCA_001897285_000000000063,24850,1,[1037],[20764],['+'],"['Fructose-1,6-bisphosphatase class 1']"
GCA_001897285_000000000064,182969,7,"[230, 152, 725, 323, 779, 1664, 887]","[5981, 8715, 9268, 12691, 103028, 103822, 105528]","['-', '-', '-', '-', '-', '-', '-']","['hypothetical protein_105', 'hypothetical protein_94', 'Nitrogen fixation regulation protein FixK', 'hypothetical protein_207', 'putative membrane transporter protein', 'hypothetical protein_49', 'putative metallo-hydrolase']"
GCA_001897285_000000000071,16631,1,[194],[9146],['+'],['hypothetical protein_9']
GCA_001897285_000000000077,15386,1,[479],[8231],['-'],['putative protein']
GCA_001897285_000000000081,48451,2,"[1073, 515]","[39379, 40548]","['-', '-']","['hypothetical protein_222', 'hypothetical protein_223']"
GCA_001897285_000000000082,57067,4,"[1268, 224, 197, 764]","[239, 1925, 4818, 6426]","['-', '+', '-', '-']","['hypothetical protein_61', 'hypothetical protein_32', 'hypothetical protein_38', 'hypothetical protein_13']"
GCA_001897285_000000000083,47481,6,"[1028, 461, 1082, 1337, 1541, 521]","[19127, 20208, 20681, 21843, 23177, 24739]","['-', '-', '-', '-', '-', '-']","['hypothetical protein_109', 'Glycerol-3-phosphate cytidylyltransferase', 'hypothetical protein_108', 'D-inositol-3-phosphate glycosyltransferase', 'hypothetical protein_107', 'hypothetical protein_106']"
GCA_001897285_000000000093,8377,7,"[455, 806, 1943, 1235, 329, 527, 674]","[58, 1149, 3611, 5551, 6800, 7126, 7653]","['-', '-', '-', '-', '-', '-', '-']","['hypothetical protein_91', 'hypothetical protein_98', 'Macrolide export ATP-binding/permease protein MacB', 'Macrolide export protein MacA', 'hypothetical protein_50', 'hypothetical protein_69', 'hypothetical protein_48']"
GCA_001897285_000000000095,55992,8,"[962, 2429, 995, 530, 2474, 593, 1007, 518]","[12393, 13469, 18890, 19949, 20725, 36120, 42325, 43462]","['+', '+', '-', '-', '-', '+', '-', '-']","['Protein FecR_113', 'Ferrichrome outer membrane transporter/phage receptor_171', 'Protein FecR_89', 'putative RNA polymerase sigma factor FecI', 'Ferripyoverdine receptor_201', 'Glucosyl-3-phosphoglycerate phosphatase', 'hypothetical protein_114', 'putative RNA polymerase sigma factor FecI_115']"
GCA_001897285_000000000096,125364,11,"[689, 620, 821, 662, 779, 1676, 1157, 1001, 494, 491, 1178]","[59110, 60087, 60883, 61704, 62360, 64389, 66248, 67402, 100417, 102078, 123938]","['-', '-', '+', '+', '+', '-', '-', '-', '-', '-', '-']","['hypothetical protein_14', 'hypothetical protein_33', 'Ubiquinone biosynthesis O-methyltransferase, mitochondrial', 'Phosphorylated carbohydrates phosphatase', 'hypothetical protein_17', 'hypothetical protein_18', 'UDP-4-amino-4,6-dideoxy-N-acetyl-beta-L-altrosamine transaminase', 'UDP-N-acetylglucosamine 4,6-dehydratase (inverting)', 'hypothetical protein_53', 'hypothetical protein_19', 'Acetyl-CoA acetyltransferase']"
GCA_001897285_000000000099,123606,10,"[380, 215, 152, 350, 152, 239, 185, 971, 1238, 266]","[11121, 13535, 16333, 16572, 18338, 23402, 25818, 30967, 40454, 55258]","['-', '-', '-', '-', '-', '+', '-', '-', '+', '-']","['hypothetical protein_197', 'hypothetical protein_204', 'hypothetical protein_45', 'hypothetical protein_43', 'hypothetical protein_92', 'hypothetical protein_116', 'hypothetical protein_88', 'Protein FecR_224', '6-methylpretetramide 4-monooxygenase', 'hypothetical protein_80']"
GCA_001897285_000000000100,80193,2,"[260, 152]","[18783, 26103]","['-', '-']","['hypothetical protein_10', 'hypothetical protein_24']"
GCA_001897285_000000000103,7664,1,[281],[315],['+'],['Protein FecR']
GCA_001897285_000000000104,92068,3,"[671, 296, 842]","[6997, 43012, 86085]","['+', '-', '+']","['hypothetical protein_15', 'hypothetical protein_216', 'hypothetical protein_23']"
GCA_001897285_000000000105,40651,1,[992],[4965],['-'],['hypothetical protein_81']
GCA_001897285_000000000106,35311,3,"[305, 992, 503]","[3693, 10512, 11603]","['-', '-', '-']","['hypothetical protein_8', 'hypothetical protein_117', 'putative RNA polymerase sigma factor FecI_162']"
GCA_001897285_000000000108,53070,1,[269],[20013],['+'],['hypothetical protein_52']
GCA_001897285_000000000110,31998,4,"[377, 515, 986, 2501]","[16972, 27031, 27635, 28761]","['-', '+', '+', '+']","['hypothetical protein_185', 'putative RNA polymerase sigma factor FecI_200', 'hypothetical protein_199', 'Ferripyoverdine receptor']"
GCA_001897285_000000000111,83800,3,"[221, 395, 1241]","[31449, 46647, 47148]","['-', '+', '-']","['hypothetical protein_212', 'Response regulator protein TodT', 'hypothetical protein_118']"
GCA_001897285_000000000112,60855,2,"[302, 650]","[51078, 52761]","['-', '-']","['hypothetical protein_281', 'hypothetical protein_283']"
GCA_001897285_000000000113,30652,1,[341],[25001],['+'],['hypothetical protein_205']
GCA_001897285_000000000114,44773,1,[710],[33812],['+'],['Carbonic anhydrase 2']
GCA_001897285_000000000115,40562,3,"[320, 1697, 761]","[37363, 37911, 39615]","['-', '+', '+']","['hypothetical protein_16', 'NAD(P)H-quinone oxidoreductase subunit 2, chloroplastic', 'hypothetical protein_64']"
GCA_001897285_000000000118,42747,1,[1256],[172],['-'],['Steroid C26-monooxygenase']
GCA_001897285_000000000120,27612,3,"[503, 956, 2489]","[23064, 23748, 24831]","['+', '+', '+']","['hypothetical protein_164', 'Protein FecR_119', 'Fe(3+)-pyochelin receptor']"
GCA_001897285_000000000121,26976,2,"[227, 2345]","[4501, 5042]","['-', '-']","['hypothetical protein_20', 'Perchlorate reductase subunit alpha']"
GCA_001897285_000000000122,27167,4,"[500, 410, 1727, 383]","[627, 1131, 10040, 12216]","['-', '-', '+', '+']","['hypothetical protein_100', 'hypothetical protein_102', 'hypothetical protein_225', 'Biopolymer transport protein ExbD']"
GCA_001897285_000000000123,97866,4,"[881, 524, 296, 980]","[22256, 86788, 91453, 91997]","['-', '-', '+', '+']","['hypothetical protein_42', 'hypothetical protein_30', 'putative RNA polymerase sigma factor FecI_226', 'Protein FecR_227']"
GCA_001897285_000000000126,59469,2,"[716, 254]","[54889, 55862]","['-', '+']","[""Orotidine 5'-phosphate decarboxylase"", 'hypothetical protein_210']"
GCA_001897285_000000000128,91911,4,"[203, 284, 983, 536]","[10868, 47817, 59317, 60326]","['-', '+', '-', '-']","['hypothetical protein_202', 'hypothetical protein_208', 'Cytochrome c551 peroxidase', 'hypothetical protein_58']"
GCA_001897285_000000000129,77090,5,"[206, 920, 593, 626, 758]","[36080, 45286, 52023, 56947, 57757]","['+', '-', '+', '+', '-']","['hypothetical protein_206', '2-dehydropantoate 2-reductase', 'hypothetical protein_7', 'hypothetical protein_198', 'hypothetical protein_120']"
GCA_001897285_000000000134,49872,1,[3644],[44415],['+'],['Respiratory nitrate reductase 1 alpha chain_93']
GCA_001897285_000000000136,27979,1,[533],[20634],['-'],['hypothetical protein_63']
GCF_000012725_000000000001,3402093,270,"[1004, 884, 1352, 563, 920, 572, 359, 815, 524, 398, 425, 143, 143, 866, 860, 1145, 230, 884, 206, 632, 752, 593, 1679, 1157, 1001, 725, 620, 785, 662, 818, 239, 515, 1013, 893, 1049, 1271, 818, 704, 197, 746, 4373, 170, 626, 992, 1901, 224, 1268, 452, 857, 1619, 1061, 170, 641, 896, 1511, 746, 980, 3644, 701, 1541, 1028, 677, 1256, 776, 4469, 2033, 626, 1136, 857, 1664, 887, 1541, 665, 245, 1505, 278, 2621, 1124, 6008, 599, 404, 533, 851, 2846, 221, 530, 539, 593, 884, 1922, 1343, 1520, 1541, 782, 1544, 230, 332, 152, 176, 839, 407, 179, 383, 242, 1217, 305, 203, 173, 149, 752, 278, 479, 353, 941, 1367, 1457, 452, 263, 959, 530, 266, 239, 269, 839, 1652, 344, 428, 152, 536, 233, 155, 251, 1310, 878, 350, 503, 680, 3632, 1817, 920, 233, 1001, 959, 503, 860, 242, 233, 206, 200, 1145, 722, 365, 194, 1337, 371, 1568, 1133, 602, 431, 827, 632, 2360, 923, 635, 266, 341, 296, 251, 257, 1526, 2702, 326, 935, 326, 3113, 758, 1700, 293, 305, 533, 518, 446, 470, 803, 470, 1937, 1235, 326, 530, 227, 989, 530, 1739, 3113, 257, 242, 1082, 2360, 1031, 1238, 182, 746, 1919, 494, 617, 317, 374, 2339, 1385, 1160, 1244, 149, 467, 1598, 269, 413, 1904, 551, 509, 2024, 356, 812, 890, 1439, 719, 458, 2399, 401, 2111, 218, 542, 236, 950, 653, 1037, 227, 608, 1913, 1958, 2465, 1004, 518, 596, 671, 2375, 1208, 527, 299, 326, 518, 1469, 962, 515, 98, 455, 872, 3248, 818, 194, 200, 260, 1037, 956, 548, 431, 2936, 512, 953, 362, 251]","[73016, 90530, 173398, 178339, 190817, 194958, 195801, 196227, 234373, 314644, 316829, 345216, 369036, 548030, 548965, 605461, 620013, 630195, 704704, 705105, 705818, 707141, 721125, 722973, 724127, 726120, 727128, 729064, 729843, 730505, 732400, 735991, 736647, 746258, 747148, 748223, 749491, 750309, 790808, 791600, 799266, 803845, 807624, 809694, 810794, 843752, 844167, 845451, 846483, 847441, 849000, 850078, 850255, 850951, 855976, 857625, 859059, 860039, 863677, 864442, 866119, 867182, 868091, 869750, 944812, 949281, 953085, 954772, 955905, 967844, 969550, 974988, 980733, 981759, 982843, 985952, 987283, 989901, 991028, 1010612, 1022952, 1033918, 1034609, 1037949, 1040956, 1050572, 1051814, 1052531, 1053359, 1054376, 1058387, 1059788, 1061550, 1063391, 1064910, 1067621, 1117189, 1117692, 1118931, 1120814, 1123248, 1131777, 1132041, 1133281, 1251932, 1253104, 1258256, 1265685, 1268701, 1277736, 1279164, 1352807, 1393368, 1403252, 1404190, 1405861, 1408483, 1445922, 1470031, 1471052, 1473439, 1492643, 1515255, 1518676, 1524094, 1590960, 1628029, 1632573, 1683509, 1684049, 1722577, 1727883, 1737934, 1748580, 1755207, 1780231, 1780899, 1816589, 1850246, 1858408, 1864235, 1889254, 1894312, 1895378, 1936744, 1951675, 1952076, 1952402, 1962717, 1963129, 2043612, 2052040, 2071870, 2085886, 2102247, 2118832, 2157520, 2158617, 2160367, 2160930, 2161763, 2162409, 2164862, 2166030, 2166669, 2167218, 2167601, 2167991, 2168242, 2168513, 2170051, 2172859, 2174913, 2175838, 2176161, 2179259, 2180023, 2181935, 2189084, 2209107, 2212425, 2223490, 2227075, 2227696, 2228496, 2230308, 2232242, 2233491, 2233814, 2234341, 2239519, 2240573, 2254215, 2263467, 2266953, 2267276, 2267916, 2269061, 2271751, 2377745, 2380927, 2392133, 2430469, 2440934, 2465655, 2504683, 2534980, 2535457, 2537868, 2539728, 2545486, 2551918, 2552803, 2553267, 2587441, 2649252, 2664131, 2666169, 2685944, 2703669, 2714009, 2714553, 2719704, 2758112, 2765820, 2802070, 2860548, 2891179, 2891617, 2894058, 2904115, 2905240, 2907069, 2908173, 2926360, 2946793, 2961764, 3049285, 3074650, 3111299, 3113977, 3115272, 3116136, 3128362, 3136488, 3138881, 3140086, 3143010, 3143853, 3154666, 3164384, 3166356, 3173112, 3174527, 3178696, 3210235, 3250656, 3254250, 3258203, 3259073, 3297611, 3298326, 3302144, 3303193, 3303932, 3304327, 3343253, 3343976, 3363069, 3363486]","['-', '+', '-', '+', '+', '+', '-', '-', '-', '-', '-', '-', '-', '-', '+', '-', '-', '+', '-', '-', '-', '+', '-', '-', '-', '-', '-', '-', '-', '-', '+', '+', '+', '+', '+', '+', '+', '+', '-', '-', '+', '-', '+', '+', '+', '-', '+', '-', '+', '+', '+', '+', '+', '+', '-', '-', '+', '+', '+', '+', '+', '+', '+', '+', '-', '-', '-', '+', '+', '-', '-', '+', '-', '-', '-', '-', '-', '-', '-', '-', '-', '+', '+', '+', '+', '-', '-', '+', '+', '+', '+', '+', '-', '-', '-', '-', '+', '+', '+', '+', '-', '+', '-', '-', '-', '-', '+', '+', '+', '+', '+', '+', '-', '-', '-', '+', '+', '+', '-', '-', '-', '+', '+', '+', '+', '-', '+', '-', '-', '-', '-', '+', '-', '-', '-', '+', '-', '-', '+', '-', '-', '+', '-', '-', '-', '+', '+', '+', '+', '-', '-', '-', '+', '+', '-', '-', '+', '+', '+', '-', '-', '-', '-', '-', '-', '-', '-', '-', '-', '-', '-', '-', '+', '-', '-', '-', '-', '+', '-', '-', '-', '+', '-', '-', '-', '-', '-', '-', '-', '-', '-', '-', '-', '+', '+', '+', '+', '-', '+', '+', '-', '+', '+', '-', '+', '+', '+', '+', '+', '+', '+', '-', '+', '+', '+', '+', '-', '+', '-', '-', '-', '+', '+', '+', '+', '-', '+', '-', '-', '-', '-', '-', '+', '-', '-', '-', '+', '-', '-', '-', '-', '-', '-', '-', '+', '+', '+', '+', '+', '+', '-', '+', '-', '-', '+', '-', '+', '+', '-', '-', '-', '-', '-', '-', '-', '-', '+', '+', '+', '+']","['hypothetical protein_42', 'hypothetical protein_124', 'hypothetical protein_44', 'Orotate phosphoribosyltransferase', '2-dehydropantoate 2-reductase', 'hypothetical protein_7', 'hypothetical protein_125', 'hypothetical protein_120', 'hypothetical protein_30', 'hypothetical protein_126', 'Sensor protein FixL', 'hypothetical protein_229', 'hypothetical protein_76', '2-methoxy-6-polyprenyl-1,4-benzoquinol methylase, mitochondrial', 'AB hydrolase superfamily protein YdjP', 'hypothetical protein_73', 'hypothetical protein_55', 'hypothetical protein_127', 'hypothetical protein_128', 'Isovaleryl-homoserine lactone synthase', 'HTH-type quorum sensing-dependent transcriptional regulator RpaR', 'Glucosyl-3-phosphoglycerate phosphatase', 'hypothetical protein_18', 'UDP-4-amino-4,6-dideoxy-N-acetyl-beta-L-altrosamine transaminase', 'UDP-N-acetylglucosamine 4,6-dehydratase (inverting)', 'hypothetical protein_14', 'hypothetical protein_33', 'hypothetical protein_17', 'Phosphorylated carbohydrates phosphatase', 'Ubiquinone biosynthesis O-methyltransferase, mitochondrial', 'hypothetical protein_116', 'ECF RNA polymerase sigma factor SigE', 'hypothetical protein_220', 'High-affinity branched-chain amino acid transport system permease protein LivH', 'hypothetical protein_230', 'hypothetical protein_231', 'Sulfate/thiosulfate import ATP-binding protein CysA', 'High-affinity branched-chain amino acid transport ATP-binding protein LivF', 'hypothetical protein_38', 'hypothetical protein_13', 'hypothetical protein_129', 'hypothetical protein_168', 'Glutathione S-transferase GST-6.0', 'Protein FecR_113', 'Ferrichrome outer membrane transporter/phage receptor_171', 'hypothetical protein_32', 'hypothetical protein_180', 'tRNA (adenine(37)-N6)-methyltransferase', 'Cytochrome c oxidase subunit 2', 'Cytochrome c oxidase subunit 1', 'Protoheme IX farnesyltransferase', 'hypothetical protein_195', 'Cytochrome c oxidase assembly protein CtaG', 'Cytochrome c oxidase subunit 3', 'hypothetical protein_59', 'hypothetical protein_31', 'hypothetical protein_12', 'Respiratory nitrate reductase 1 alpha chain', 'hypothetical protein_79', 'Respiratory nitrate reductase 2 beta chain_97', 'hypothetical protein_26', 'Nitrate reductase-like protein NarX', 'putative nitrate transporter NarT', 'hypothetical protein_27', 'hypothetical protein_70', 'Outer membrane protein assembly factor BamA', 'Membrane-bound lytic murein transglycosylase C', 'Ferric-anguibactin receptor FatA', 'hypothetical protein_77', 'hypothetical protein_49', 'putative metallo-hydrolase', 'Ferrichrome outer membrane transporter/phage receptor_170', 'hypothetical protein_111', 'hypothetical protein_110', 'hypothetical protein_232', 'hypothetical protein_233', 'hypothetical protein_130', 'hypothetical protein_234', 'hypothetical protein_235', 'hypothetical protein_123', 'hypothetical protein_41', 'hypothetical protein_58', 'Cytochrome c551 peroxidase', 'hypothetical protein_131', 'hypothetical protein_132', 'hypothetical protein_66', 'hypothetical protein_67', 'hypothetical protein_68', 'hypothetical protein_236', 'hypothetical protein_237', 'Type I secretion system membrane fusion protein PrsE', 'hypothetical protein_238', 'Respiratory nitrate reductase 2 beta chain', 'hypothetical protein_133', 'hypothetical protein_239', 'hypothetical protein_5', 'hypothetical protein_166', 'hypothetical protein_92', 'hypothetical protein_181', 'hypothetical protein_103', 'Response regulator protein TodT', 'hypothetical protein_240', 'hypothetical protein_134', 'hypothetical protein_47', 'hypothetical protein_241', 'hypothetical protein_242', 'hypothetical protein_28', 'hypothetical protein_135', 'hypothetical protein_243', 'hypothetical protein_172', 'hypothetical protein_189', 'putative protein', 'hypothetical protein_244', 'hypothetical protein_193', 'hypothetical protein_194', 'hypothetical protein_136', 'hypothetical protein_82', 'hypothetical protein_51', 'Protein FecR', 'hypothetical protein_112', 'hypothetical protein_80', 'hypothetical protein_34', 'hypothetical protein_52', 'hypothetical protein_3', 'hypothetical protein_137', 'hypothetical protein_138', 'hypothetical protein_245', 'hypothetical protein_24', 'hypothetical protein_175', 'hypothetical protein_187', 'hypothetical protein_139', 'hypothetical protein_140', 'hypothetical protein_163', 'hypothetical protein_72', 'hypothetical protein_83', 'hypothetical protein_141', 'hypothetical protein_15', 'hypothetical protein_39', 'hypothetical protein_74', 'hypothetical protein_142', 'hypothetical protein_143', 'hypothetical protein_23', 'hypothetical protein_117', 'putative RNA polymerase sigma factor FecI_162', 'hypothetical protein_25', 'hypothetical protein_84', 'hypothetical protein_246', 'hypothetical protein_20', 'hypothetical protein_144', 'hypothetical protein_6', ""Orotidine 5'-phosphate decarboxylase"", 'hypothetical protein_85', 'hypothetical protein_9', 'hypothetical protein_4', 'hypothetical protein_11', 'hypothetical protein_191', 'Protein FecR_224', 'Fe(3+)-pyochelin receptor', 'hypothetical protein_145', 'hypothetical protein_35', 'hypothetical protein_40', 'hypothetical protein_36', 'Denitrification regulatory protein NirQ', 'Sporulation initiation inhibitor protein Soj', 'hypothetical protein_29', 'Major carboxysome shell protein 1C', 'Major carboxysome shell protein 1A', 'hypothetical protein_37', 'Ethanolamine utilization protein EutN', 'hypothetical protein_2', 'hypothetical protein_57', 'Ribulose bisphosphate carboxylase small chain', 'HTH-type transcriptional activator CmpR', 'hypothetical protein_46', 'hypothetical protein_60', 'hypothetical protein_182', 'NAD(P)H-quinone oxidoreductase subunit 2, chloroplastic_183', 'hypothetical protein_16', 'hypothetical protein_8', 'hypothetical protein_247', 'hypothetical protein_146', 'hypothetical protein_54', 'hypothetical protein_91', 'hypothetical protein_98', 'Biopolymer transport protein ExbD_169', 'Macrolide export ATP-binding/permease protein MacB', 'Macrolide export protein MacA', 'hypothetical protein_50', 'hypothetical protein_69', 'hypothetical protein_48', 'Protein FecR_89', 'putative RNA polymerase sigma factor FecI', 'C4-dicarboxylic acid transporter DauA', 'hypothetical protein_177', 'hypothetical protein_248', 'hypothetical protein_249', 'Alkanesulfonate monooxygenase', 'Vitamin B12 transporter BtuB_250', 'hypothetical protein_75', '3-hydroxybenzoate 6-hydroxylase', 'hypothetical protein_65', 'hypothetical protein_147', 'Methylmalonyl-CoA mutase small subunit', 'hypothetical protein_251', 'hypothetical protein_252', 'hypothetical protein_148', 'hypothetical protein_95', 'Vitamin B12 transporter BtuB_149', 'hypothetical protein_253', 'Inosamine-phosphate amidinotransferase 1', '6-methylpretetramide 4-monooxygenase', 'hypothetical protein_254', 'hypothetical protein_184', 'hypothetical protein_165', 'hypothetical protein_150', 'hypothetical protein_167', 'DNA primase', 'hypothetical protein_122', 'hypothetical protein_161', 'hypothetical protein_22', 'hypothetical protein_151', 'hypothetical protein_152', 'hypothetical protein_153', 'hypothetical protein_154', 'hypothetical protein_155', 'hypothetical protein_156', 'putative TonB-dependent receptor', 'hypothetical protein_255', 'hypothetical protein_256', 'hypothetical protein_157', 'hypothetical protein_19', 'putative nitrate transporter NarT_90', 'Glutathionyl-hydroquinone reductase YqjG', 'hypothetical protein_158', 'Fructose-1,6-bisphosphatase class 1', 'hypothetical protein_121', 'hypothetical protein_257', 'Chaperone protein HtpG', 'hypothetical protein_258', 'Ferrichrome outer membrane transporter/phage receptor', 'hypothetical protein_114', 'putative RNA polymerase sigma factor FecI_115', 'hypothetical protein_259', 'hypothetical protein', 'Vitamin B12 transporter BtuB', 'hypothetical protein_86', 'hypothetical protein_87', 'Transcriptional repressor SmtB ', 'hypothetical protein_280', 'hypothetical protein_63', 'Ribulose bisphosphate carboxylase large chain', 'HTH-type transcriptional activator CmpR_179', 'hypothetical protein_260', 'hypothetical protein_261', 'hypothetical protein_192', 'hypothetical protein_78', 'hypothetical protein_21', 'hypothetical protein_62', 'hypothetical protein_56', 'hypothetical protein_159', 'hypothetical protein_10', 'hypothetical protein_81', 'Protein FecR_119', 'hypothetical protein_164', 'hypothetical protein_262', 'hypothetical protein_263', 'hypothetical protein_223', 'hypothetical protein_222', 'hypothetical protein_264', 'hypothetical protein_190']"
GCF_000013885_000000000001,4406967,150,"[935, 524, 764, 629, 920, 1397, 341, 317, 710, 425, 203, 365, 176, 236, 872, 1727, 383, 2324, 593, 221, 293, 4310, 110, 887, 1664, 779, 1031, 1085, 632, 4463, 1343, 2150, 416, 497, 1208, 2375, 1163, 212, 242, 197, 218, 818, 3263, 500, 410, 251, 1001, 1157, 1589, 785, 662, 833, 620, 689, 257, 269, 725, 152, 245, 203, 941, 1223, 458, 236, 692, 446, 167, 794, 260, 863, 1004, 362, 1199, 1241, 395, 221, 476, 206, 695, 149, 821, 347, 671, 788, 254, 488, 194, 1340, 377, 296, 3767, 443, 230, 95, 230, 230, 1202, 284, 851, 305, 1901, 524, 200, 2012, 230, 1547, 749, 533, 551, 1343, 791, 1145, 638, 2345, 665, 422, 383, 1577, 1031, 1253, 677, 1028, 1541, 683, 3644, 980, 746, 617, 341, 854, 650, 164, 986, 1613, 857, 461, 1268, 224, 197, 749, 473, 1937, 680, 317, 1583, 371, 1037, 359, 299, 179]","[80741, 181569, 200513, 201529, 205913, 226878, 235886, 237412, 396748, 397546, 436360, 445243, 463472, 652618, 714499, 806644, 808882, 824999, 849498, 882957, 883319, 926998, 943950, 1045274, 1046204, 1047883, 1056891, 1060692, 1062152, 1112649, 1117801, 1134581, 1141406, 1144020, 1144514, 1145739, 1148813, 1155228, 1155643, 1200708, 1201525, 1203366, 1204455, 1297431, 1297935, 1312327, 1349018, 1350016, 1351245, 1354091, 1354870, 1355532, 1356843, 1357962, 1368189, 1416191, 1419736, 1421231, 1425581, 1585829, 1726244, 1727182, 1730402, 1752703, 1777967, 1869168, 1884089, 1885314, 1977907, 2003295, 2013585, 2057169, 2099460, 2116951, 2120836, 2139338, 2150974, 2167908, 2168170, 2265700, 2364898, 2378877, 2401239, 2415905, 2442128, 2451134, 2471291, 2483162, 2502324, 2528714, 2594017, 2627582, 2628035, 2628833, 2630407, 2696590, 2842469, 3026894, 3039888, 3040823, 3160757, 3183786, 3184682, 3200952, 3227436, 3229167, 3231287, 3232557, 3233253, 3239128, 3242241, 3437907, 3576515, 3622228, 3632826, 3699713, 3753487, 3754731, 3790107, 3791298, 3792816, 3793528, 3794687, 3796295, 3796972, 3800616, 3802194, 3805469, 3806088, 3809012, 3809969, 3810625, 3810806, 3811856, 3813552, 3815225, 3815753, 3817427, 3820727, 3821837, 3872558, 3997078, 4046817, 4060951, 4094809, 4096484, 4134746, 4233281, 4233848, 4305915]","['-', '-', '+', '-', '-', '+', '+', '-', '+', '-', '-', '+', '-', '+', '+', '+', '+', '-', '+', '-', '-', '+', '-', '+', '+', '+', '-', '-', '-', '-', '-', '+', '+', '-', '-', '-', '-', '-', '-', '+', '+', '-', '-', '-', '-', '-', '+', '+', '+', '-', '-', '-', '+', '+', '-', '+', '+', '+', '-', '+', '-', '-', '+', '+', '+', '-', '-', '+', '+', '+', '-', '+', '+', '+', '-', '+', '+', '-', '-', '-', '-', '-', '-', '-', '+', '-', '+', '+', '-', '-', '-', '+', '+', '-', '-', '-', '+', '+', '-', '-', '-', '-', '-', '-', '+', '+', '-', '-', '+', '+', '-', '-', '-', '+', '+', '+', '+', '+', '-', '-', '-', '-', '-', '-', '-', '-', '+', '+', '+', '-', '-', '-', '-', '-', '-', '+', '-', '+', '-', '-', '-', '-', '+', '+', '-', '-', '-', '-', '-', '+']","['hypothetical protein_42', 'hypothetical protein_30', 'hypothetical protein_120', 'hypothetical protein_198', '2-dehydropantoate 2-reductase', 'hypothetical protein_44', 'hypothetical protein_205', 'hypothetical protein_206', 'Carbonic anhydrase 2', 'Sensor protein FixL', 'hypothetical protein_229', 'hypothetical protein_197', 'hypothetical protein_76', 'hypothetical protein_219', 'hypothetical protein_196', 'hypothetical protein_225', 'Biopolymer transport protein ExbD', 'Ferric-anguibactin receptor FatA', 'Glucosyl-3-phosphoglycerate phosphatase', 'hypothetical protein_160', 'hypothetical protein_99', 'hypothetical protein_129', 'hypothetical protein_254', 'putative metallo-hydrolase', 'hypothetical protein_49', 'putative membrane transporter protein', 'hypothetical protein_75', 'Alkanesulfonate monooxygenase', 'Isovaleryl-homoserine lactone synthase', 'hypothetical protein_70', 'Outer membrane protein assembly factor BamA', 'hypothetical protein_256', 'hypothetical protein_255', 'hypothetical protein_87', 'hypothetical protein_86', 'Vitamin B12 transporter BtuB', 'hypothetical protein_188', 'hypothetical protein_20', 'hypothetical protein_84', 'hypothetical protein_215', 'hypothetical protein_56', 'hypothetical protein_62', 'hypothetical protein_21', 'hypothetical protein_100', 'hypothetical protein_102', 'hypothetical protein_190', 'UDP-N-acetylglucosamine 4,6-dehydratase (inverting)', 'UDP-4-amino-4,6-dideoxy-N-acetyl-beta-L-altrosamine transaminase', 'hypothetical protein_18', 'hypothetical protein_17', 'Phosphorylated carbohydrates phosphatase', 'Ubiquinone biosynthesis O-methyltransferase, mitochondrial', 'hypothetical protein_33', 'hypothetical protein_14', 'hypothetical protein_265', 'hypothetical protein_52', 'Nitrogen fixation regulation protein FixK', 'hypothetical protein_94', 'hypothetical protein_47', 'hypothetical protein_28', 'hypothetical protein_193', 'hypothetical protein_194', 'hypothetical protein_82', 'hypothetical protein_34', 'hypothetical protein_3', 'hypothetical protein_54', 'hypothetical protein_266', ""Orotidine 5'-phosphate decarboxylase"", 'hypothetical protein_10', 'hypothetical protein_25', 'hypothetical protein_23', 'hypothetical protein_216', 'Cobalt-zinc-cadmium resistance protein CzcB', 'hypothetical protein_118', 'Response regulator protein TodT', 'hypothetical protein_212', 'hypothetical protein_186', 'hypothetical protein_267', 'Nitrogen fixation regulation protein FixK_228', 'hypothetical protein_24', 'hypothetical protein_72', 'hypothetical protein_83', 'hypothetical protein_15', 'hypothetical protein_217', 'hypothetical protein_210', 'hypothetical protein_85', 'hypothetical protein_9', 'hypothetical protein_4', 'hypothetical protein_11', 'hypothetical protein_8', 'hypothetical protein_39', 'hypothetical protein_43', 'hypothetical protein_45', 'hypothetical protein_175', 'hypothetical protein_187', 'hypothetical protein_143', '3-hydroxybenzoate 6-hydroxylase', 'hypothetical protein_208', 'Cytochrome c551 peroxidase', 'hypothetical protein_58', 'DNA primase', 'hypothetical protein_213', 'hypothetical protein_214', 'hypothetical protein_22', 'hypothetical protein_5', 'hypothetical protein_239', 'hypothetical protein_66', 'hypothetical protein_67', 'hypothetical protein_68', 'Type I secretion system membrane fusion protein PrsE', 'Molybdenum-pterin-binding protein MopA', 'hypothetical protein_6', 'hypothetical protein_7', 'Perchlorate reductase subunit alpha', 'Transcriptional regulatory protein QseB', 'hypothetical protein_268', 'hypothetical protein_41', 'Ribulokinase', 'hypothetical protein_27', 'putative nitrate transporter NarT', 'Nitrate reductase-like protein NarX', 'hypothetical protein_26', 'Respiratory nitrate reductase 2 beta chain_97', 'hypothetical protein_79', 'Respiratory nitrate reductase 1 alpha chain', 'hypothetical protein_12', 'hypothetical protein_31', 'Cytochrome bo(3) ubiquinol oxidase subunit 3', 'Cytochrome bo(3) ubiquinol oxidase subunit 4', 'Cytochrome c oxidase subunit 3', 'Cytochrome c oxidase assembly protein CtaG', 'hypothetical protein_195', 'Protoheme IX farnesyltransferase', 'Cytochrome c oxidase subunit 1', 'Cytochrome c oxidase subunit 2', 'tRNA (adenine(37)-N6)-methyltransferase', 'hypothetical protein_61', 'hypothetical protein_32', 'hypothetical protein_38', 'hypothetical protein_13', 'hypothetical protein_71', 'Chaperone protein HtpG', 'hypothetical protein', 'Acetyl-CoA acetyltransferase', 'Vitamin B12 transporter BtuB_149', 'hypothetical protein_95', 'Fructose-1,6-bisphosphatase class 1', 'hypothetical protein_101', 'hypothetical protein_96', 'hypothetical protein_181']"
GCF_000013885_000000000002,294829,29,"[980, 1466, 230, 509, 491, 392, 332, 185, 293, 1697, 761, 1697, 761, 3113, 326, 932, 326, 2675, 1532, 257, 248, 299, 347, 266, 635, 923, 2360, 632, 827]","[2613, 7266, 65314, 66725, 68424, 81787, 162926, 214501, 262796, 263298, 265002, 270217, 271921, 272667, 275777, 276093, 278735, 279166, 281853, 283399, 283656, 284006, 284348, 285116, 285386, 286250, 287265, 289639, 290277]","['-', '+', '+', '-', '-', '-', '-', '+', '-', '+', '+', '+', '+', '+', '+', '-', '+', '+', '+', '+', '+', '+', '+', '+', '+', '+', '+', '+', '+']","['HTH-type transcriptional activator CmpR_179', 'Ribulose bisphosphate carboxylase large chain', 'hypothetical protein_105', 'hypothetical protein_53', 'hypothetical protein_19', 'IS5 family transposase ISSen2', 'hypothetical protein_166', 'hypothetical protein_88', 'hypothetical protein_16', 'NAD(P)H-quinone oxidoreductase subunit 2, chloroplastic', 'hypothetical protein_64', 'NAD(P)H-quinone oxidoreductase subunit 2, chloroplastic_183', 'hypothetical protein_182', 'hypothetical protein_60', 'hypothetical protein_46', 'HTH-type transcriptional activator CmpR', 'Ribulose bisphosphate carboxylase small chain', 'hypothetical protein_57', 'hypothetical protein_2', 'Ethanolamine utilization protein EutN', 'hypothetical protein_37', 'Major carboxysome shell protein 1A', 'Major carboxysome shell protein 1C_174', 'hypothetical protein_29', 'Sporulation initiation inhibitor protein Soj', 'Denitrification regulatory protein NirQ', 'hypothetical protein_36', 'hypothetical protein_40', 'hypothetical protein_35']"
GCF_000013885_000000000003,188318,2,"[650, 305]","[61457, 62234]","['+', '+']","['hypothetical protein_283', 'hypothetical protein_281']"
GCF_000152905_000000000001,34038,1,[215],[7874],['-'],['hypothetical protein_80']
GCF_000152905_000000000002,55894,7,"[227, 293, 476, 209, 2240, 1349, 221]","[6527, 6894, 27392, 38598, 40576, 42848, 44306]","['-', '-', '+', '-', '-', '-', '-']","['hypothetical protein_160', 'hypothetical protein_99', 'hypothetical protein_186', 'hypothetical protein_173', 'hypothetical protein_269', 'hypothetical protein_270', 'hypothetical protein_282']"
GCF_000152905_000000000003,61473,1,[455],[57096],['+'],['hypothetical protein_192']
GCF_000152905_000000000004,65616,11,"[374, 776, 1256, 677, 1028, 578, 695, 3644, 980, 746, 617]","[17934, 40304, 41487, 42988, 43700, 44891, 46496, 47185, 50829, 52482, 57708]","['-', '-', '-', '-', '-', '-', '-', '-', '-', '+', '+']","['hypothetical protein_271', 'hypothetical protein_27', 'putative nitrate transporter NarT', 'Nitrate reductase-like protein NarX', 'hypothetical protein_26', 'Respiratory nitrate reductase 2 beta chain_97', 'hypothetical protein_79', 'Respiratory nitrate reductase 1 alpha chain', 'hypothetical protein_12', 'hypothetical protein_31', 'Cytochrome bo(3) ubiquinol oxidase subunit 3']"
GCF_000152905_000000000005,79258,8,"[482, 554, 497, 524, 164, 185, 305, 1340]","[1181, 1660, 3139, 16065, 18111, 19158, 38911, 56082]","['+', '+', '+', '+', '-', '+', '+', '-']","['Biopolymer transport protein ExbD_169', 'hypothetical protein_98', 'hypothetical protein_91', 'hypothetical protein_146', 'hypothetical protein_266', 'hypothetical protein_247', 'hypothetical protein_8', 'hypothetical protein_4']"
GCF_000152905_000000000006,188100,12,"[3644, 215, 647, 494, 1919, 524, 182, 1202, 371, 2384, 1208, 500]","[5207, 12444, 49355, 71813, 80494, 122089, 133629, 135783, 164956, 165418, 167819, 169024]","['+', '-', '-', '+', '-', '-', '+', '-', '+', '+', '+', '+']","['Respiratory nitrate reductase 1 alpha chain_93', 'hypothetical protein_148', 'hypothetical protein_252', 'hypothetical protein_251', 'Methylmalonyl-CoA mutase small subunit', 'hypothetical protein_147', 'hypothetical protein_65', '3-hydroxybenzoate 6-hydroxylase', 'hypothetical protein_176', 'Vitamin B12 transporter BtuB', 'hypothetical protein_86', 'hypothetical protein_87']"
GCF_000152905_000000000007,235022,12,"[995, 503, 857, 347, 1148, 200, 212, 233, 242, 722, 368, 194]","[7004, 8096, 53190, 82665, 124663, 126081, 155770, 156076, 156453, 162793, 203762, 223499]","['-', '-', '-', '-', '+', '-', '-', '-', '-', '+', '-', '+']","['hypothetical protein_117', 'putative RNA polymerase sigma factor FecI_162', 'hypothetical protein_25', 'hypothetical protein_244', 'hypothetical protein_6', 'hypothetical protein_144', 'hypothetical protein_20', 'hypothetical protein_246', 'hypothetical protein_84', ""Orotidine 5'-phosphate decarboxylase"", 'hypothetical protein_85', 'hypothetical protein_9']"
GCF_000152905_000000000008,237430,13,"[437, 458, 1310, 827, 350, 503, 695, 146, 1853, 3632, 419, 371, 296]","[3454, 4650, 12158, 20835, 30016, 40103, 40764, 61052, 69161, 101825, 127238, 226666, 234114]","['-', '+', '-', '-', '-', '+', '-', '+', '-', '+', '+', '-', '+']","['hypothetical protein_272', 'hypothetical protein_245', 'hypothetical protein_163', 'hypothetical protein_72', 'hypothetical protein_83', 'hypothetical protein_141', 'hypothetical protein_15', 'hypothetical protein_24', 'hypothetical protein_74', 'hypothetical protein_39', 'hypothetical protein_178', 'hypothetical protein_11', 'Transcriptional repressor SmtB ']"
GCF_000152905_000000000009,317700,35,"[1019, 536, 569, 911, 1913, 1346, 1520, 1541, 773, 230, 500, 980, 1250, 326, 695, 206, 839, 1964, 152, 179, 392, 200, 242, 2498, 956, 503, 1217, 308, 458, 185, 230, 485, 200, 173, 152]","[16231, 17482, 18193, 19042, 20088, 24088, 25499, 27422, 29285, 30703, 56946, 57542, 81165, 82541, 104040, 104790, 108304, 114375, 121847, 125396, 125738, 126520, 127020, 138706, 224530, 225634, 255375, 256547, 257064, 264477, 295634, 295898, 298337, 305945, 306434]","['-', '-', '+', '+', '+', '+', '+', '-', '-', '-', '+', '+', '+', '-', '+', '+', '+', '-', '+', '+', '-', '+', '-', '-', '-', '-', '-', '-', '-', '+', '+', '+', '+', '+', '+']","['hypothetical protein_66', 'hypothetical protein_67', 'hypothetical protein_68', 'hypothetical protein_236', 'hypothetical protein_237', 'Type I secretion system membrane fusion protein PrsE', 'hypothetical protein_238', 'Respiratory nitrate reductase 2 beta chain', 'hypothetical protein_133', 'hypothetical protein_5', 'putative RNA polymerase sigma factor FecI_226', 'Protein FecR_227', 'hypothetical protein_118', 'Response regulator protein TodT', 'Nitrogen fixation regulation protein FixK_228', 'hypothetical protein_267', 'hypothetical protein_103', 'hypothetical protein_258', 'hypothetical protein_92', 'hypothetical protein_240', 'hypothetical protein_134', 'hypothetical protein_273', 'hypothetical protein_47', 'Ferrichrome outer membrane transporter/phage receptor_170', 'Protein FecR_119', 'hypothetical protein_164', 'hypothetical protein_241', 'hypothetical protein_242', 'hypothetical protein_268', 'hypothetical protein_88', 'hypothetical protein_187', 'hypothetical protein_175', 'hypothetical protein_28', 'hypothetical protein_135', 'hypothetical protein_243']"
GCF_000152905_000000000010,437110,31,"[1904, 548, 518, 2108, 356, 812, 956, 1448, 734, 416, 2372, 218, 491, 1253, 503, 956, 641, 1205, 1037, 389, 113, 473, 455, 1910, 818, 662, 779, 620, 689, 1157, 1592]","[14745, 16894, 36645, 55905, 66066, 66614, 72042, 106271, 114415, 151300, 212846, 242551, 250452, 256028, 259477, 260035, 261062, 271022, 279540, 301140, 313802, 315733, 321670, 407978, 426208, 427026, 427682, 429796, 430537, 431520, 432915]","['-', '+', '-', '-', '-', '+', '+', '+', '+', '-', '+', '-', '-', '-', '+', '+', '-', '-', '-', '-', '+', '-', '-', '-', '+', '+', '+', '+', '+', '+', '+']","['DNA primase', 'hypothetical protein_122', 'hypothetical protein_161', 'hypothetical protein_22', 'hypothetical protein_151', 'hypothetical protein_152', 'hypothetical protein_153', 'hypothetical protein_154', 'hypothetical protein_155', 'hypothetical protein_156', 'putative TonB-dependent receptor', 'hypothetical protein_157', 'hypothetical protein_19', 'putative nitrate transporter NarT_90', 'hypothetical protein_53', 'Glutathionyl-hydroquinone reductase YqjG', 'hypothetical protein_158', 'hypothetical protein_274', 'Fructose-1,6-bisphosphatase class 1', 'hypothetical protein_121', 'hypothetical protein_104', 'hypothetical protein_71', 'hypothetical protein_221', 'Chaperone protein HtpG', 'Ubiquinone biosynthesis O-methyltransferase, mitochondrial', 'Phosphorylated carbohydrates phosphatase', 'hypothetical protein_17', 'hypothetical protein_33', 'hypothetical protein_14', 'UDP-4-amino-4,6-dideoxy-N-acetyl-beta-L-altrosamine transaminase', 'hypothetical protein_18']"
GCF_000152905_000000000011,488720,15,"[143, 473, 368, 593, 725, 632, 206, 881, 230, 1163, 860, 866, 2576, 1004, 518]","[106802, 134578, 136836, 138706, 139925, 140731, 141460, 215031, 226027, 239801, 293899, 294828, 476298, 478921, 480157]","['+', '+', '+', '-', '+', '+', '+', '-', '+', '+', '-', '+', '-', '-', '-']","['hypothetical protein_229', 'Sensor protein FixL', 'hypothetical protein_126', 'Glucosyl-3-phosphoglycerate phosphatase', 'HTH-type quorum sensing-dependent transcriptional regulator RpaR', 'Isovaleryl-homoserine lactone synthase', 'hypothetical protein_128', 'hypothetical protein_127', 'hypothetical protein_55', 'hypothetical protein_73', 'AB hydrolase superfamily protein YdjP', '2-methoxy-6-polyprenyl-1,4-benzoquinol methylase, mitochondrial', 'Ferrichrome outer membrane transporter/phage receptor', 'hypothetical protein_114', 'putative RNA polymerase sigma factor FecI_115']"
GCF_000152905_000000000021,12948,2,"[362, 299]","[3115, 3686]","['-', '-']","['hypothetical protein_101', 'hypothetical protein_96']"
GCF_000152905_000000000022,13343,1,[362],[7921],['-'],['hypothetical protein_264']
GCF_000152905_000000000024,14500,3,"[242, 449, 1445]","[4272, 4937, 6575]","['+', '-', '-']","['hypothetical protein_203', 'hypothetical protein_82', 'hypothetical protein_136']"
GCF_000152905_000000000032,33847,1,[659],[30430],['+'],['IS5 family transposase ISSen2']
GCF_000152905_000000000034,51115,3,"[293, 995, 272]","[26037, 27701, 29117]","['-', '-', '+']","['hypothetical protein_10', 'hypothetical protein_81', 'hypothetical protein_265']"
GCF_000152905_000000000035,56574,11,"[1790, 239, 272, 530, 956, 2498, 1184, 530, 326, 1226, 3044]","[28942, 31872, 36811, 44402, 45029, 46131, 49035, 50216, 50743, 51083, 52306]","['+', '+', '+', '+', '+', '+', '+', '+', '+', '+', '+']","['C4-dicarboxylic acid transporter DauA', 'hypothetical protein_116', 'hypothetical protein_233', 'putative RNA polymerase sigma factor FecI', 'Protein FecR_89', 'Ferripyoverdine receptor_201', 'hypothetical protein_48', 'hypothetical protein_69', 'hypothetical protein_50', 'Macrolide export protein MacA', 'Macrolide export ATP-binding/permease protein MacB']"
GCF_000152905_000000000036,112812,22,"[887, 1661, 779, 1031, 2516, 1082, 233, 278, 599, 410, 539, 1004, 2798, 221, 851, 1022, 461, 1094, 1313, 1541, 530, 2318]","[16855, 17785, 19462, 22270, 23484, 26060, 27274, 27653, 43719, 55338, 65656, 66200, 69586, 73530, 74105, 75018, 76095, 76553, 77798, 79108, 80669, 87898]","['+', '+', '+', '-', '+', '-', '-', '-', '-', '-', '+', '+', '+', '+', '-', '-', '-', '-', '-', '-', '-', '+']","['putative metallo-hydrolase', 'hypothetical protein_49', 'putative membrane transporter protein', 'hypothetical protein_75', 'Vitamin B12 transporter BtuB_250', 'Alkanesulfonate monooxygenase', 'hypothetical protein_249', 'hypothetical protein_248', 'hypothetical protein_123', 'hypothetical protein_41', 'hypothetical protein_58', 'Cytochrome c551 peroxidase', 'hypothetical protein_131', 'hypothetical protein_132', 'hypothetical protein_218', 'hypothetical protein_109', 'Glycerol-3-phosphate cytidylyltransferase', 'hypothetical protein_108', 'D-inositol-3-phosphate glycosyltransferase', 'hypothetical protein_107', 'hypothetical protein_106', 'Ferrichrome receptor FcuA']"
GCF_000152905_000000000037,112934,4,"[500, 374, 665, 1406]","[2798, 10265, 84724, 85386]","['+', '+', '+', '+']","['hypothetical protein_211', 'Inosamine-phosphate amidinotransferase 1', 'Transcriptional regulatory protein QseB', 'Sensor protein QseC']"
GCF_000152905_000000000038,115160,6,"[998, 899, 245, 155, 341, 647]","[7668, 36821, 43301, 48557, 93134, 93712]","['-', '+', '-', '+', '-', '+']","['hypothetical protein_23', 'hypothetical protein_142', 'hypothetical protein_140', 'hypothetical protein_139', 'hypothetical protein_138', 'hypothetical protein_275']"
GCF_000152905_000000000039,115497,3,"[299, 539, 1163]","[24910, 85195, 107156]","['+', '+', '-']","['hypothetical protein_209', 'putative protein', 'hypothetical protein_188']"
GCF_000152905_000000000040,117973,4,"[410, 494, 830, 3242]","[16943, 17357, 65707, 76233]","['+', '+', '-', '-']","['hypothetical protein_102', 'hypothetical protein_100', 'hypothetical protein_78', 'hypothetical protein_21']"
GCF_000152905_000000000041,138366,25,"[1559, 428, 827, 632, 2360, 923, 635, 266, 350, 296, 248, 257, 1523, 2693, 326, 980, 326, 3113, 758, 1700, 293, 1676, 737, 245, 263]","[10447, 13069, 13521, 14353, 14999, 17452, 18625, 19264, 19966, 20358, 20755, 21003, 21274, 22809, 25605, 27659, 28580, 28903, 32001, 32765, 34676, 37519, 41619, 70552, 111586]","['-', '+', '-', '-', '-', '-', '-', '-', '-', '-', '-', '-', '-', '-', '-', '+', '-', '-', '-', '-', '+', '-', '-', '-', '-']","['hypothetical protein_191', 'hypothetical protein_145', 'hypothetical protein_35', 'hypothetical protein_40', 'hypothetical protein_36', 'Denitrification regulatory protein NirQ', 'Sporulation initiation inhibitor protein Soj', 'hypothetical protein_29', 'Major carboxysome shell protein 1C', 'Major carboxysome shell protein 1A', 'hypothetical protein_37', 'Ethanolamine utilization protein EutN', 'hypothetical protein_2', 'hypothetical protein_57', 'Ribulose bisphosphate carboxylase small chain', 'HTH-type transcriptional activator CmpR', 'hypothetical protein_46', 'hypothetical protein_60', 'hypothetical protein_182', 'NAD(P)H-quinone oxidoreductase subunit 2, chloroplastic_183', 'hypothetical protein_16', 'hypothetical protein_137', 'hypothetical protein_3', 'hypothetical protein_34', 'hypothetical protein_51']"
GCF_000152905_000000000042,160264,27,"[371, 2339, 1403, 554, 626, 1241, 326, 680, 1139, 4466, 2033, 1532, 2300, 5990, 1124, 2624, 746, 197, 224, 1268, 452, 854, 1616, 992, 170, 650, 854]","[3471, 3945, 6354, 14506, 15466, 18368, 51919, 56142, 70094, 77212, 81678, 87741, 93497, 102026, 108019, 109140, 147375, 148787, 151878, 152361, 153699, 154723, 155694, 157317, 158325, 158502, 159247]","['+', '+', '+', '-', '+', '+', '-', '-', '+', '-', '-', '-', '-', '+', '+', '+', '+', '+', '-', '+', '-', '+', '+', '+', '+', '+', '+']","['hypothetical protein_95', 'Vitamin B12 transporter BtuB_149', 'hypothetical protein_253', 'hypothetical protein_63', 'Glutathione S-transferase GST-6.0', '6-methylpretetramide 4-monooxygenase', 'hypothetical protein_280', 'hypothetical protein', 'hypothetical protein_276', 'hypothetical protein_70', 'Outer membrane protein assembly factor BamA', 'hypothetical protein_232', 'Membrane-bound lytic murein transglycosylase C', 'hypothetical protein_235', 'hypothetical protein_234', 'hypothetical protein_130', 'hypothetical protein_13', 'hypothetical protein_38', 'hypothetical protein_32', 'hypothetical protein_61', 'tRNA (adenine(37)-N6)-methyltransferase', 'Cytochrome c oxidase subunit 2', 'Cytochrome c oxidase subunit 1', 'Protoheme IX farnesyltransferase', 'hypothetical protein_195', 'Cytochrome c oxidase assembly protein CtaG', 'Cytochrome c oxidase subunit 3']"
GCF_000152905_000000000043,225183,8,"[413, 257, 359, 230, 269, 3605, 1595, 467]","[12419, 13055, 43250, 66020, 147670, 156658, 182479, 184071]","['-', '+', '-', '+', '-', '+', '-', '-']","['hypothetical protein_43', 'hypothetical protein_45', 'hypothetical protein_167', 'hypothetical protein_105', 'hypothetical protein_150', 'hypothetical protein_277', 'hypothetical protein_165', 'hypothetical protein_184']"
GCF_000152905_000000000044,361628,16,"[188, 200, 2147, 857, 230, 566, 293, 170, 1883, 602, 920, 593, 362, 524, 884, 929]","[23804, 24506, 54532, 56676, 59355, 60363, 73156, 74693, 148072, 153569, 164746, 174447, 175243, 193839, 262514, 282313]","['-', '-', '+', '+', '+', '+', '+', '+', '-', '+', '+', '+', '-', '+', '-', '+']","['hypothetical protein_56', 'hypothetical protein_159', 'Ferric-anguibactin receptor FatA', 'hypothetical protein_77', 'hypothetical protein_261', 'hypothetical protein_260', 'hypothetical protein_278', 'hypothetical protein_279', 'hypothetical protein_44', 'Orotate phosphoribosyltransferase', '2-dehydropantoate 2-reductase', 'hypothetical protein_7', 'hypothetical protein_125', 'hypothetical protein_30', 'hypothetical protein_124', 'hypothetical protein_42']"
GCF_002028545_000000000001,318198,16,"[725, 152, 497, 680, 431, 3632, 1802, 950, 233, 995, 860, 347, 242, 212, 200, 1145]","[7419, 8904, 12749, 13544, 32611, 53567, 87382, 95325, 103467, 125458, 171707, 236776, 242324, 243089, 255048, 255423]","['+', '+', '+', '-', '-', '-', '+', '-', '-', '+', '-', '-', '+', '+', '+', '-']","['Nitrogen fixation regulation protein FixK', 'hypothetical protein_94', 'hypothetical protein_141', 'hypothetical protein_15', 'hypothetical protein_178', 'hypothetical protein_39', 'hypothetical protein_74', 'hypothetical protein_142', 'hypothetical protein_143', 'hypothetical protein_23', 'hypothetical protein_25', 'hypothetical protein_244', 'hypothetical protein_84', 'hypothetical protein_20', 'hypothetical protein_144', 'hypothetical protein_6']"
GCF_002028545_000000000002,135606,7,"[1163, 230, 881, 206, 632, 725, 593]","[16843, 31384, 41699, 115260, 115562, 116273, 117611]","['-', '-', '+', '-', '-', '-', '+']","['hypothetical protein_73', 'hypothetical protein_55', 'hypothetical protein_127', 'hypothetical protein_128', 'Isovaleryl-homoserine lactone synthase', 'HTH-type quorum sensing-dependent transcriptional regulator RpaR', 'Glucosyl-3-phosphoglycerate phosphatase']"
GCF_002028545_000000000003,130999,6,"[419, 356, 593, 920, 602, 1562]","[29014, 47599, 48107, 56774, 68761, 72729]","['-', '+', '-', '-', '-', '+']","['hypothetical protein_30', 'hypothetical protein_125', 'hypothetical protein_7', '2-dehydropantoate 2-reductase', 'Orotate phosphoribosyltransferase', 'hypothetical protein_44']"
GCF_002028545_000000000004,127914,5,"[203, 173, 479, 371, 296]","[9512, 16897, 25109, 29002, 40744]","['+', '+', '+', '+', '+']","['hypothetical protein_28', 'hypothetical protein_135', 'hypothetical protein_172', 'hypothetical protein_189', 'hypothetical protein_209']"
GCF_002028545_000000000005,121725,23,"[758, 1700, 293, 302, 530, 167, 518, 473, 440, 797, 482, 1949, 1232, 326, 1184, 200, 1790, 371, 494, 1208, 2384, 1154, 182]","[215, 979, 2888, 9031, 28795, 30353, 32020, 42043, 45452, 46566, 47360, 49023, 50969, 52215, 53068, 54380, 63112, 79186, 79617, 80108, 81333, 113265, 116286]","['-', '-', '+', '-', '-', '+', '-', '+', '-', '-', '-', '-', '-', '-', '-', '-', '-', '-', '-', '-', '-', '+', '-']","['hypothetical protein_64', 'NAD(P)H-quinone oxidoreductase subunit 2, chloroplastic', 'hypothetical protein_16', 'hypothetical protein_8', 'hypothetical protein_247', 'hypothetical protein_266', 'hypothetical protein_146', 'hypothetical protein_54', 'hypothetical protein_91', 'hypothetical protein_98', 'Biopolymer transport protein ExbD_169', 'Macrolide export ATP-binding/permease protein MacB', 'Macrolide export protein MacA', 'hypothetical protein_50', 'hypothetical protein_48', 'Ferripyoverdine receptor', 'C4-dicarboxylic acid transporter DauA', 'hypothetical protein_176', 'hypothetical protein_87', 'hypothetical protein_86', 'Vitamin B12 transporter BtuB', '3-hydroxybenzoate 6-hydroxylase', 'hypothetical protein_65']"
GCF_002028545_000000000006,108464,2,"[386, 470]","[40788, 42982]","['-', '-']","['hypothetical protein_126', 'Sensor protein FixL']"
GCF_002028545_000000000007,107292,6,"[1178, 251, 1253, 272, 10214, 8075]","[4994, 28790, 30157, 32241, 77125, 87563]","['+', '-', '-', '+', '-', '-']","['Acetyl-CoA acetyltransferase', 'hypothetical protein_10', 'hypothetical protein_81', 'hypothetical protein_265', 'hypothetical protein_262', 'hypothetical protein_263']"
GCF_002028545_000000000008,99663,1,[884],[95344],['+'],['hypothetical protein_124']
GCF_002028545_000000000009,98758,4,"[737, 1664, 344, 647]","[18388, 21444, 82814, 83551]","['+', '+', '-', '+']","['hypothetical protein_3', 'hypothetical protein_137', 'hypothetical protein_138', 'hypothetical protein_275']"
GCF_002028545_000000000010,94621,5,"[200, 188, 818, 3242, 830]","[18710, 19412, 20799, 21876, 64903]","['+', '+', '-', '-', '+']","['hypothetical protein_159', 'hypothetical protein_56', 'hypothetical protein_62', 'hypothetical protein_21', 'hypothetical protein_78']"
GCF_002028545_000000000011,80625,1,[170],[78810],['-'],['hypothetical protein_279']
GCF_002028545_000000000012,308382,12,"[1904, 548, 509, 2069, 356, 812, 971, 1442, 734, 434, 218, 491]","[72653, 74702, 93303, 110075, 119142, 119788, 127123, 163714, 172039, 209752, 300001, 304868]","['-', '+', '-', '-', '-', '+', '+', '+', '+', '-', '-', '-']","['DNA primase', 'hypothetical protein_122', 'hypothetical protein_161', 'hypothetical protein_22', 'hypothetical protein_151', 'hypothetical protein_152', 'hypothetical protein_153', 'hypothetical protein_154', 'hypothetical protein_155', 'hypothetical protein_156', 'hypothetical protein_157', 'hypothetical protein_19']"
GCF_002028545_000000000013,78491,2,"[437, 146]","[14052, 19132]","['-', '-']","['hypothetical protein_272', 'hypothetical protein_24']"
GCF_002028545_000000000014,74747,1,[1217],[4168],['-'],['Cobalt-zinc-cadmium resistance protein CzcB']
GCF_002028545_000000000015,68366,13,"[263, 221, 1364, 2240, 1001, 1157, 1622, 722, 662, 821, 620, 725, 533]","[13461, 16294, 16624, 18020, 23971, 24969, 26422, 29312, 30028, 30690, 31694, 32473, 54854]","['-', '+', '+', '+', '+', '+', '+', '-', '-', '-', '+', '+', '-']","['hypothetical protein_211', 'hypothetical protein_282', 'hypothetical protein_270', 'hypothetical protein_269', 'UDP-N-acetylglucosamine 4,6-dehydratase (inverting)', 'UDP-4-amino-4,6-dideoxy-N-acetyl-beta-L-altrosamine transaminase', 'hypothetical protein_18', 'hypothetical protein_17', 'Phosphorylated carbohydrates phosphatase', 'Ubiquinone biosynthesis O-methyltransferase, mitochondrial', 'hypothetical protein_33', 'hypothetical protein_14', 'hypothetical protein_63']"
GCF_002028545_000000000016,63652,2,"[3611, 269]","[36219, 48686]","['-', '+']","['hypothetical protein_277', 'hypothetical protein_150']"
GCF_002028545_000000000017,60641,3,"[284, 872, 860]","[623, 17979, 18920]","['-', '-', '+']","['hypothetical protein_278', '2-methoxy-6-polyprenyl-1,4-benzoquinol methylase, mitochondrial', 'AB hydrolase superfamily protein YdjP']"
GCF_002028545_000000000018,49223,5,"[1253, 503, 653, 1037, 383]","[1183, 4674, 5420, 22531, 43566]","['-', '+', '-', '-', '-']","['putative nitrate transporter NarT_90', 'hypothetical protein_53', 'hypothetical protein_158', 'Fructose-1,6-bisphosphatase class 1', 'hypothetical protein_121']"
GCF_002028545_000000000020,41528,4,"[155, 245, 1310, 827]","[6396, 11895, 23694, 32317]","['-', '+', '-', '-']","['hypothetical protein_139', 'hypothetical protein_140', 'hypothetical protein_163', 'hypothetical protein_72']"
GCF_002028545_000000000021,41163,2,"[308, 422]","[31654, 35684]","['-', '+']","['hypothetical protein_173', 'hypothetical protein_254']"
GCF_002028545_000000000023,165663,8,"[113, 422, 605, 470, 1913, 269, 608, 671]","[9111, 11839, 15511, 18365, 104203, 112529, 126210, 129243]","['+', '-', '+', '-', '-', '-', '+', '+']","['hypothetical protein_104', 'hypothetical protein_71', 'hypothetical protein_257', 'hypothetical protein_221', 'Chaperone protein HtpG', 'hypothetical protein_52', 'hypothetical protein_259', 'hypothetical protein']"
GCF_002028545_000000000024,36038,3,"[266, 959, 530]","[12246, 34156, 35177]","['+', '-', '-']","['hypothetical protein_51', 'Protein FecR', 'hypothetical protein_112']"
GCF_002028545_000000000025,30057,2,"[749, 230]","[428, 1679]","['-', '-']","['hypothetical protein_133', 'hypothetical protein_5']"
GCF_002028545_000000000027,27957,3,"[836, 1247, 383]","[2951, 8495, 26168]","['-', '+', '+']","['hypothetical protein_217', 'Steroid C26-monooxygenase', 'Biopolymer transport protein ExbD']"
GCF_002028545_000000000028,23184,4,"[941, 1226, 1442, 443]","[1488, 2426, 4122, 6800]","['-', '-', '+', '+']","['hypothetical protein_193', 'hypothetical protein_194', 'hypothetical protein_136', 'hypothetical protein_82']"
GCF_002028545_000000000029,22591,1,[203],[9985],['+'],['hypothetical protein_190']
GCF_002028545_000000000030,22094,7,"[1031, 524, 578, 908, 1910, 1343, 1520]","[11114, 12373, 13067, 13919, 14963, 18940, 20340]","['-', '-', '+', '+', '+', '+', '+']","['hypothetical protein_66', 'hypothetical protein_67', 'hypothetical protein_68', 'hypothetical protein_236', 'hypothetical protein_237', 'Type I secretion system membrane fusion protein PrsE', 'hypothetical protein_238']"
GCF_002028545_000000000032,18593,3,"[134, 263, 215]","[1257, 16900, 17220]","['+', '+', '+']","['hypothetical protein_202', 'hypothetical protein_80', 'hypothetical protein_204']"
GCF_002028545_000000000033,16388,2,"[515, 230]","[3739, 5021]","['-', '-']","['hypothetical protein_260', 'hypothetical protein_261']"
GCF_002028545_000000000034,161972,23,"[722, 371, 194, 1214, 371, 1550, 428, 827, 632, 2360, 926, 635, 266, 350, 296, 248, 257, 1526, 2705, 326, 980, 326, 1448]","[39268, 49097, 69918, 81815, 98310, 112554, 144552, 145129, 145962, 146608, 149059, 150220, 150859, 151542, 151934, 152331, 152579, 152850, 154388, 157196, 159258, 160179, 160502]","['-', '-', '+', '+', '-', '-', '+', '-', '-', '-', '-', '-', '-', '-', '-', '-', '-', '-', '-', '-', '+', '-', '-']","[""Orotidine 5'-phosphate decarboxylase"", 'hypothetical protein_85', 'hypothetical protein_9', 'hypothetical protein_4', 'hypothetical protein_11', 'hypothetical protein_191', 'hypothetical protein_145', 'hypothetical protein_35', 'hypothetical protein_40', 'hypothetical protein_36', 'Denitrification regulatory protein NirQ', 'Sporulation initiation inhibitor protein Soj', 'hypothetical protein_29', 'Major carboxysome shell protein 1C_174', 'Major carboxysome shell protein 1A', 'hypothetical protein_37', 'Ethanolamine utilization protein EutN', 'hypothetical protein_2', 'hypothetical protein_57', 'Ribulose bisphosphate carboxylase small chain', 'HTH-type transcriptional activator CmpR', 'hypothetical protein_46', 'hypothetical protein_60']"
GCF_002028545_000000000035,16366,1,[1139],[3217],['-'],['hypothetical protein_276']
GCF_002028545_000000000037,14358,1,[362],[13215],['-'],['hypothetical protein_264']
GCF_002028545_000000000038,13606,1,[455],[1825],['-'],['hypothetical protein_192']
GCF_002028545_000000000039,13486,6,"[704, 3644, 980, 746, 1421, 614]","[134, 832, 4476, 6114, 7078, 10826]","['-', '-', '-', '+', '+', '+']","['hypothetical protein_79', 'Respiratory nitrate reductase 1 alpha chain', 'hypothetical protein_12', 'hypothetical protein_31', 'hypothetical protein_59', 'Cytochrome bo(3) ubiquinol oxidase subunit 3']"
GCF_002028545_000000000044,8037,3,"[362, 299, 1481]","[443, 1011, 6534]","['-', '-', '-']","['hypothetical protein_101', 'hypothetical protein_96', 'hypothetical protein_177']"
GCF_002028545_000000000045,161601,8,"[233, 749, 1904, 218, 962, 791, 626, 1625]","[9479, 33087, 74549, 140792, 143791, 145684, 156283, 159860]","['-', '+', '+', '+', '-', '-', '-', '-']","['hypothetical protein_219', 'hypothetical protein_147', 'Methylmalonyl-CoA mutase small subunit', 'hypothetical protein_148', 'Protein FecR_113', 'Molybdenum-pterin-binding protein MopA', 'Glutathione S-transferase GST-6.0', 'hypothetical protein_274']"
GCF_002028545_000000000048,7415,1,[377],[6536],['-'],['hypothetical protein_185']
GCF_002028545_000000000050,7054,2,"[665, 1292]","[3958, 4620]","['+', '+']","['Transcriptional regulatory protein QseB', 'Sensor protein QseC']"
GCF_002028545_000000000051,7032,1,[3644],[2604],['+'],['Respiratory nitrate reductase 1 alpha chain_93']
GCF_002028545_000000000054,6106,1,[245],[1577],['+'],['hypothetical protein_34']
GCF_002028545_000000000061,3903,2,"[293, 227]","[2814, 3239]","['+', '+']","['hypothetical protein_99', 'hypothetical protein_160']"
GCF_002028545_000000000066,155406,26,"[2321, 524, 1541, 1313, 1097, 461, 1022, 851, 221, 2810, 851, 539, 404, 1577, 599, 839, 686, 251, 395, 1250, 956, 512, 1031, 1256, 677, 1028]","[17685, 24172, 24715, 26253, 27719, 28813, 29329, 30409, 35176, 38427, 43994, 45003, 59634, 60965, 73301, 93237, 95535, 96274, 117711, 118440, 135198, 136305, 150805, 151989, 153484, 154196]","['-', '+', '+', '+', '+', '+', '+', '+', '-', '-', '-', '-', '+', '+', '+', '-', '+', '+', '+', '-', '-', '-', '-', '-', '-', '-']","['Ferrichrome receptor FcuA', 'hypothetical protein_106', 'hypothetical protein_107', 'D-inositol-3-phosphate glycosyltransferase', 'hypothetical protein_108', 'Glycerol-3-phosphate cytidylyltransferase', 'hypothetical protein_109', 'hypothetical protein_218', 'hypothetical protein_132', 'hypothetical protein_131', 'Cytochrome c551 peroxidase', 'hypothetical protein_58', 'hypothetical protein_41', 'Ribulokinase', 'hypothetical protein_123', 'hypothetical protein_103', 'Nitrogen fixation regulation protein FixK_228', 'hypothetical protein_267', 'Response regulator protein TodT', 'hypothetical protein_118', 'hypothetical protein_111', 'hypothetical protein_110', 'hypothetical protein_27', 'putative nitrate transporter NarT', 'Nitrate reductase-like protein NarX', 'hypothetical protein_26']"
GCF_002028545_000000000073,1636,1,[1541],[65],['-'],['Respiratory nitrate reductase 2 beta chain']
GCF_002028545_000000000076,1528,2,"[350, 332]","[121, 955]","['-', '+']","['hypothetical protein_83', 'hypothetical protein_207']"
GCF_002028545_000000000077,147909,4,"[389, 200, 242, 1529]","[33583, 34314, 34830, 145798]","['-', '+', '-', '+']","['hypothetical protein_134', 'hypothetical protein_273', 'hypothetical protein_47', 'hypothetical protein_232']"
GCF_002028545_000000000085,844,1,[392],[75],['+'],['IS5 family transposase ISSen2']
GCF_002028545_000000000088,145805,19,"[452, 1268, 224, 197, 746, 170, 4316, 419, 812, 1271, 1043, 893, 287, 524, 152, 362, 779, 1664, 887]","[666, 1196, 2834, 6025, 7569, 68123, 70709, 75849, 76268, 77077, 78376, 79416, 81089, 120263, 138297, 138489, 139772, 140566, 142274]","['+', '-', '+', '-', '-', '-', '-', '-', '-', '-', '-', '-', '+', '-', '-', '-', '-', '-', '-']","['tRNA (adenine(37)-N6)-methyltransferase', 'hypothetical protein_61', 'hypothetical protein_32', 'hypothetical protein_38', 'hypothetical protein_13', 'hypothetical protein_168', 'hypothetical protein_129', 'High-affinity branched-chain amino acid transport ATP-binding protein LivF', 'Sulfate/thiosulfate import ATP-binding protein CysA', 'hypothetical protein_231', 'hypothetical protein_230', 'High-affinity branched-chain amino acid transport system permease protein LivH', 'hypothetical protein_130', 'hypothetical protein_271', 'hypothetical protein_45', 'hypothetical protein_43', 'putative membrane transporter protein', 'hypothetical protein_49', 'putative metallo-hydrolase']"
GCF_006539545_000000000001,3924,3,"[332, 152, 176]","[1705, 2218, 3655]","['+', '+', '+']","['hypothetical protein_166', 'hypothetical protein_92', 'hypothetical protein_181']"
GCF_006539545_000000000002,254528,15,"[839, 392, 179, 383, 200, 242, 1217, 305, 461, 185, 203, 173, 152, 374, 368]","[2078, 4254, 11782, 12046, 12767, 13375, 129580, 130752, 132554, 136563, 138435, 145950, 187118, 194576, 195372]","['+', '-', '+', '-', '+', '-', '-', '-', '-', '+', '+', '+', '+', '+', '+']","['hypothetical protein_103', 'Response regulator protein TodT', 'hypothetical protein_240', 'hypothetical protein_134', 'hypothetical protein_273', 'hypothetical protein_47', 'hypothetical protein_241', 'hypothetical protein_242', 'hypothetical protein_268', 'hypothetical protein_88', 'hypothetical protein_28', 'hypothetical protein_135', 'hypothetical protein_243', 'hypothetical protein_172', 'hypothetical protein_189']"
GCF_006539545_000000000004,28651,5,"[1253, 491, 218, 2111, 401]","[4207, 6220, 14268, 14832, 16979]","['+', '+', '+', '+', '+']","['putative nitrate transporter NarT_90', 'hypothetical protein_19', 'hypothetical protein_157', 'hypothetical protein_256', 'hypothetical protein_255']"
GCF_006539545_000000000006,63169,1,[2399],[23967],['-'],['putative TonB-dependent receptor']
GCF_006539545_000000000008,25498,1,[446],[8135],['+'],['hypothetical protein_156']
GCF_006539545_000000000010,52356,2,"[722, 1439]","[8584, 16411]","['-', '-']","['hypothetical protein_155', 'hypothetical protein_154']"
GCF_006539545_000000000011,4151,1,[887],[2217],['-'],['hypothetical protein_153']
GCF_006539545_000000000012,35013,4,"[812, 368, 2027, 509]","[3212, 4213, 13300, 30999]","['-', '+', '+', '+']","['hypothetical protein_152', 'hypothetical protein_151', 'hypothetical protein_22', 'hypothetical protein_161']"
GCF_006539545_000000000014,40228,2,"[548, 1904]","[11210, 11914]","['-', '+']","['hypothetical protein_122', 'DNA primase']"
GCF_006539545_000000000015,50777,1,[245],[17644],['-'],['hypothetical protein_148']
GCF_006539545_000000000016,151659,6,"[590, 488, 1919, 725, 182, 1202]","[5561, 31334, 40296, 78746, 90128, 92267]","['-', '+', '-', '-', '+', '-']","['hypothetical protein_252', 'hypothetical protein_251', 'Methylmalonyl-CoA mutase small subunit', 'hypothetical protein_147', 'hypothetical protein_65', '3-hydroxybenzoate 6-hydroxylase']"
GCF_006539545_000000000017,10114,2,"[860, 866]","[2464, 3392]","['-', '+']","['AB hydrolase superfamily protein YdjP', '2-methoxy-6-polyprenyl-1,4-benzoquinol methylase, mitochondrial']"
GCF_006539545_000000000020,94856,1,[143],[89110],['+'],['hypothetical protein_76']
GCF_006539545_000000000023,7573,4,"[593, 725, 632, 206]","[1332, 2529, 3334, 4162]","['-', '+', '+', '+']","['Glucosyl-3-phosphoglycerate phosphatase', 'HTH-type quorum sensing-dependent transcriptional regulator RpaR', 'Isovaleryl-homoserine lactone synthase', 'hypothetical protein_128']"
GCF_006539545_000000000025,80099,3,"[884, 230, 1151]","[307, 10977, 24612]","['-', '+', '+']","['hypothetical protein_127', 'hypothetical protein_55', 'hypothetical protein_73']"
GCF_006539545_000000000026,61662,2,"[962, 503]","[40001, 41070]","['-', '-']","['hypothetical protein_117', 'putative RNA polymerase sigma factor FecI_162']"
GCF_006539545_000000000027,100441,6,"[860, 242, 233, 257, 200, 1145]","[22018, 37335, 37681, 37959, 63923, 64320]","['-', '+', '+', '+', '+', '-']","['hypothetical protein_25', 'hypothetical protein_84', 'hypothetical protein_246', 'hypothetical protein_20', 'hypothetical protein_144', 'hypothetical protein_6']"
GCF_006539545_000000000029,159767,2,"[650, 299]","[94704, 96736]","['+', '+']","['hypothetical protein_283', 'hypothetical protein_281']"
GCF_006539545_000000000030,29407,3,"[1661, 839, 269]","[20932, 25054, 29052]","['-', '-', '-']","['hypothetical protein_137', 'hypothetical protein_3', 'hypothetical protein_52']"
GCF_006539545_000000000031,51042,3,"[245, 530, 959]","[21261, 38728, 39320]","['-', '+', '+']","['hypothetical protein_34', 'hypothetical protein_112', 'Protein FecR']"
GCF_006539545_000000000032,26109,1,[263],[11710],['-'],['hypothetical protein_51']
GCF_006539545_000000000035,37683,2,"[449, 881]","[18304, 36726]","['-', '+']","['hypothetical protein_42', 'hypothetical protein_124']"
GCF_006539545_000000000040,41200,4,"[3248, 818, 194, 200]","[463, 4055, 6466, 7256]","['+', '+', '-', '-']","['hypothetical protein_21', 'hypothetical protein_62', 'hypothetical protein_56', 'hypothetical protein_159']"
GCF_006539545_000000000041,63080,6,"[290, 1283, 956, 548, 10241, 8078]","[4334, 5075, 9179, 10229, 11276, 21801]","['-', '-', '-', '-', '-', '-']","['hypothetical protein_10', 'hypothetical protein_81', 'Protein FecR_119', 'hypothetical protein_164', 'hypothetical protein_262', 'hypothetical protein_263']"
GCF_006539545_000000000042,115561,3,"[515, 1004, 2150]","[28215, 28896, 94308]","['+', '+', '-']","['hypothetical protein_223', 'hypothetical protein_222', 'hypothetical protein_258']"
GCF_006539545_000000000043,12114,1,[998],[3837],['-'],['hypothetical protein_23']
GCF_006539545_000000000044,33262,3,"[233, 926, 1715]","[15143, 20354, 27819]","['+', '+', '-']","['hypothetical protein_143', 'hypothetical protein_142', 'hypothetical protein_74']"
GCF_006539545_000000000046,63360,3,"[3632, 680, 503]","[21787, 61446, 62424]","['+', '+', '-']","['hypothetical protein_39', 'hypothetical protein_15', 'hypothetical protein_141']"
GCF_006539545_000000000048,24852,1,[722],[19918],['-'],"[""Orotidine 5'-phosphate decarboxylase""]"
GCF_006539545_000000000049,5045,1,[365],[3523],['-'],['hypothetical protein_85']
GCF_006539545_000000000050,63105,3,"[194, 1211, 371]","[18407, 32059, 48219]","['+', '+', '-']","['hypothetical protein_9', 'hypothetical protein_4', 'hypothetical protein_11']"
GCF_006539545_000000000051,5094,2,"[503, 956]","[3577, 4135]","['+', '+']","['hypothetical protein_53', 'Glutathionyl-hydroquinone reductase YqjG']"
GCF_006539545_000000000052,1134,1,[653],[327],['-'],['hypothetical protein_158']
GCF_006539545_000000000053,38373,2,"[1037, 383]","[17419, 37862]","['-', '-']","['Fructose-1,6-bisphosphatase class 1', 'hypothetical protein_121']"
GCF_006539545_000000000054,29387,1,[608],[14565],['+'],['hypothetical protein_257']
GCF_006539545_000000000057,97696,5,"[155, 245, 1310, 878, 350]","[58080, 63271, 73438, 83250, 89800]","['-', '+', '-', '-', '-']","['hypothetical protein_139', 'hypothetical protein_140', 'hypothetical protein_163', 'hypothetical protein_72', 'hypothetical protein_83']"
GCF_006539545_000000000058,24838,2,"[227, 293]","[3647, 4013]","['-', '-']","['hypothetical protein_160', 'hypothetical protein_99']"
GCF_006539545_000000000059,71072,11,"[326, 254, 338, 524, 1208, 2375, 926, 596, 518, 1004, 2474]","[130, 999, 5992, 6436, 6957, 8184, 16906, 30457, 31398, 32176, 33463]","['-', '-', '-', '-', '-', '-', '+', '+', '+', '+', '+']","['hypothetical protein_280', 'Transcriptional repressor SmtB ', 'hypothetical protein_176', 'hypothetical protein_87', 'hypothetical protein_86', 'Vitamin B12 transporter BtuB', 'hypothetical protein', 'hypothetical protein_259', 'putative RNA polymerase sigma factor FecI_115', 'hypothetical protein_114', 'Ferrichrome outer membrane transporter/phage receptor']"
GCF_006539545_000000000060,38355,2,"[3683, 272]","[10556, 22883]","['-', '+']","['hypothetical protein_277', 'hypothetical protein_150']"
GCF_006539545_000000000062,25742,1,[263],[19581],['+'],['hypothetical protein_167']
GCF_006539545_000000000063,5827,3,"[782, 1544, 230]","[264, 1710, 4453]","['-', '-', '-']","['hypothetical protein_133', 'hypothetical protein_239', 'hypothetical protein_5']"
GCF_006539545_000000000068,48653,2,"[425, 407]","[44679, 46890]","['+', '+']","['Sensor protein FixL', 'hypothetical protein_126']"
GCF_006539545_000000000071,68488,1,[872],[25393],['+'],['hypothetical protein_78']
GCF_006539545_000000000072,68228,7,"[524, 815, 359, 572, 920, 563, 2021]","[23260, 42143, 43025, 43550, 47343, 60024, 64190]","['-', '+', '+', '-', '-', '-', '+']","['hypothetical protein_30', 'hypothetical protein_120', 'hypothetical protein_125', 'hypothetical protein_7', '2-dehydropantoate 2-reductase', 'Orotate phosphoribosyltransferase', 'hypothetical protein_44']"
GCF_006539545_000000000073,66804,5,"[152, 440, 434, 344, 827]","[4064, 8334, 9549, 54507, 54955]","['+', '-', '+', '-', '+']","['hypothetical protein_24', 'hypothetical protein_245', 'hypothetical protein_272', 'hypothetical protein_138', 'hypothetical protein_275']"
GCF_006539545_000000000075,7727,1,[599],[2644],['-'],['hypothetical protein_123']
GCF_006539545_000000000077,35713,5,"[404, 536, 1004, 2846, 221]","[5544, 16523, 17064, 20507, 23514]","['-', '+', '+', '+', '+']","['hypothetical protein_41', 'hypothetical protein_58', 'Cytochrome c551 peroxidase', 'hypothetical protein_131', 'hypothetical protein_132']"
GCF_006539545_000000000080,54446,1,[1913],[10554],['+'],['Chaperone protein HtpG']
GCF_006539545_000000000082,25625,5,"[1664, 887, 2411, 956, 509]","[8641, 10347, 15537, 23206, 24261]","['-', '-', '+', '-', '-']","['hypothetical protein_49', 'putative metallo-hydrolase', 'Ferrichrome outer membrane transporter/phage receptor_170', 'hypothetical protein_111', 'hypothetical protein_110']"
GCF_006539545_000000000085,45432,6,"[473, 509, 305, 293, 1700, 758]","[2933, 12657, 36384, 42354, 42858, 44564]","['-', '+', '+', '-', '+', '+']","['hypothetical protein_54', 'hypothetical protein_146', 'hypothetical protein_8', 'hypothetical protein_16', 'NAD(P)H-quinone oxidoreductase subunit 2, chloroplastic', 'hypothetical protein_64']"
GCF_006539545_000000000087,40639,5,"[893, 1046, 1271, 818, 704]","[948, 1838, 2910, 4178, 4996]","['+', '+', '+', '+', '+']","['High-affinity branched-chain amino acid transport system permease protein LivH', 'hypothetical protein_230', 'hypothetical protein_231', 'Sulfate/thiosulfate import ATP-binding protein CysA', 'High-affinity branched-chain amino acid transport ATP-binding protein LivF']"
GCF_006539545_000000000088,39942,3,"[869, 2147, 1244]","[35058, 35924, 38360]","['-', '-', '-']","['hypothetical protein_77', 'Ferric-anguibactin receptor FatA', '6-methylpretetramide 4-monooxygenase']"
GCF_006539545_000000000090,31685,1,[1253],[603],['+'],['Steroid C26-monooxygenase']
GCF_006539545_000000000092,21431,8,"[530, 989, 2654, 1184, 530, 326, 1235, 1937]","[6563, 7158, 12760, 15558, 16739, 17266, 17606, 18838]","['+', '+', '+', '+', '+', '+', '+', '+']","['putative RNA polymerase sigma factor FecI', 'Protein FecR_89', 'Ferripyoverdine receptor', 'hypothetical protein_48', 'hypothetical protein_69', 'hypothetical protein_50', 'Macrolide export protein MacA', 'Macrolide export ATP-binding/permease protein MacB']"
GCF_006539545_000000000095,5860,2,"[383, 1724]","[1317, 2238]","['-', '-']","['Biopolymer transport protein ExbD', 'hypothetical protein_225']"
GCF_006539545_000000000097,27246,16,"[431, 827, 632, 2360, 920, 635, 266, 338, 296, 251, 257, 1526, 2687, 326, 932, 326]","[11454, 12016, 12849, 13495, 15948, 17113, 17752, 18299, 18679, 19074, 19325, 19596, 21134, 23929, 25983, 26905]","['+', '-', '-', '-', '-', '-', '-', '-', '-', '-', '-', '-', '-', '-', '+', '-']","['hypothetical protein_145', 'hypothetical protein_35', 'hypothetical protein_40', 'hypothetical protein_36', 'Denitrification regulatory protein NirQ', 'Sporulation initiation inhibitor protein Soj', 'hypothetical protein_29', 'Major carboxysome shell protein 1C', 'Major carboxysome shell protein 1A', 'hypothetical protein_37', 'Ethanolamine utilization protein EutN', 'hypothetical protein_2', 'hypothetical protein_57', 'Ribulose bisphosphate carboxylase small chain', 'HTH-type transcriptional activator CmpR', 'hypothetical protein_46']"
GCF_006539545_000000000098,27042,1,[2009],[1840],['+'],['hypothetical protein_274']
GCF_006539545_000000000099,3947,2,"[197, 743]","[1167, 1971]","['-', '-']","['hypothetical protein_38', 'hypothetical protein_13']"
GCF_006539545_000000000100,21995,5,"[4373, 161, 338, 962, 2438]","[5765, 10270, 14482, 16666, 17735]","['+', '-', '+', '+', '+']","['hypothetical protein_129', 'hypothetical protein_168', 'Glutathione S-transferase GST-6.0', 'Protein FecR_113', 'Ferrichrome outer membrane transporter/phage receptor_171']"
GCF_006539545_000000000101,23633,2,"[314, 170]","[1746, 3286]","['+', '+']","['hypothetical protein_278', 'hypothetical protein_279']"
GCF_006539545_000000000102,23010,4,"[1160, 1487, 2339, 455]","[7203, 8836, 10396, 12838]","['-', '-', '-', '-']","['Inosamine-phosphate amidinotransferase 1', 'hypothetical protein_253', 'Vitamin B12 transporter BtuB_149', 'hypothetical protein_95']"
GCF_006539545_000000000103,4894,3,"[452, 1268, 224]","[533, 1001, 2590]","['+', '-', '+']","['tRNA (adenine(37)-N6)-methyltransferase', 'hypothetical protein_180', 'hypothetical protein_32']"
GCF_006539545_000000000106,21108,2,"[1604, 467]","[11839, 13440]","['-', '-']","['hypothetical protein_165', 'hypothetical protein_184']"
GCF_006539545_000000000107,5817,1,[1013],[4664],['-'],['hypothetical protein_220']
GCF_006539545_000000000108,14951,10,"[515, 239, 818, 662, 728, 620, 689, 194, 1157, 1592]","[55, 3308, 4612, 5430, 6125, 8156, 9299, 10305, 10496, 11886]","['-', '-', '+', '+', '+', '+', '+', '+', '+', '+']","['ECF RNA polymerase sigma factor SigE', 'hypothetical protein_116', 'Ubiquinone biosynthesis O-methyltransferase, mitochondrial', 'Phosphorylated carbohydrates phosphatase', 'hypothetical protein_17', 'hypothetical protein_33', 'hypothetical protein_14', 'UDP-N-acetylglucosamine 4,6-dehydratase (inverting)', 'UDP-4-amino-4,6-dideoxy-N-acetyl-beta-L-altrosamine transaminase', 'hypothetical protein_18']"
GCF_006539545_000000000110,19504,5,"[2033, 4454, 1469, 962, 533]","[4337, 6370, 13093, 15069, 18706]","['+', '+', '-', '+', '-']","['Outer membrane protein assembly factor BamA', 'hypothetical protein_70', 'Ribulose bisphosphate carboxylase large chain', 'HTH-type transcriptional activator CmpR_179', 'hypothetical protein_271']"
GCF_006539545_000000000111,16292,1,[974],[12249],['+'],['Protein FecR_224']
GCF_006539545_000000000112,16224,4,"[440, 158, 500, 980]","[2567, 4044, 9639, 10236]","['-', '+', '+', '+']","['hypothetical protein_43', 'hypothetical protein_45', 'putative RNA polymerase sigma factor FecI_226', 'Protein FecR_227']"
GCF_006539545_000000000114,14878,5,"[1031, 2360, 1085, 233, 242]","[8699, 10058, 12478, 13943, 14281]","['-', '+', '-', '-', '-']","['hypothetical protein_75', 'Vitamin B12 transporter BtuB_250', 'Alkanesulfonate monooxygenase', 'hypothetical protein_249', 'hypothetical protein_248']"
GCF_006539545_000000000115,14663,1,[266],[7491],['-'],['hypothetical protein_80']
GCF_006539545_000000000117,5514,1,[1742],[259],['-'],['C4-dicarboxylic acid transporter DauA']
GCF_006539545_000000000118,13356,3,"[221, 1361, 2240]","[1094, 1422, 2802]","['+', '+', '+']","['hypothetical protein_282', 'hypothetical protein_270', 'hypothetical protein_269']"
GCF_006539545_000000000119,12230,1,[254],[1528],['-'],['hypothetical protein_173']
GCF_006539545_000000000121,9134,4,"[1700, 1124, 2624, 278]","[74, 1777, 2898, 6666]","['+', '+', '+', '+']","['hypothetical protein_235', 'hypothetical protein_234', 'hypothetical protein_130', 'hypothetical protein_233']"
GCF_006539545_000000000123,8870,3,"[980, 746, 662]","[591, 2268, 3600]","['-', '+', '+']","['hypothetical protein_12', 'hypothetical protein_31', 'hypothetical protein_59']"
GCF_006539545_000000000124,8587,4,"[1028, 677, 1256, 986]","[240, 1303, 2217, 3669]","['+', '+', '+', '+']","['hypothetical protein_26', 'Nitrate reductase-like protein NarX', 'putative nitrate transporter NarT', 'hypothetical protein_27']"
GCF_006539545_000000000125,8495,2,"[515, 917]","[481, 1152]","['+', '+']","['putative RNA polymerase sigma factor FecI_200', 'hypothetical protein_199']"
GCF_006539545_000000000126,7569,2,"[1319, 665]","[2077, 3393]","['-', '-']","['Sensor protein QseC', 'Transcriptional regulatory protein QseB']"
GCF_006539545_000000000128,6700,2,"[1454, 449]","[3053, 5667]","['+', '+']","['hypothetical protein_136', 'hypothetical protein_82']"
GCF_006539545_000000000129,6427,2,"[1139, 2306]","[316, 1463]","['-', '-']","['hypothetical protein_276', 'Ferrichrome receptor FcuA']"
GCF_006539545_000000000134,4692,1,[1712],[43],['+'],['Fe(3+)-pyochelin receptor']
